return_id,order_id,return_date,return_reason,refund_status,refund_amount
800001,500953,2025-05-11,Size Issue,Refunded,8170.54
800002,513911,2025-05-23,Size Issue,Processing,13420.88
800003,506098,2025-07-02,Size Issue,Refunded,5170.55
800004,507614,2025-12-22,Changed Mind,Refunded,20115.76
800005,504200,2024-02-23,Quality Issue,Refunded,5685.93
800006,512997,2025-06-04,Quality Issue,Refunded,1047.53
800007,503587,2026-01-22,Quality Issue,Refunded,229.18
800008,510947,2024-06-27,Changed Mind,Refunded,13134.28
800009,502499,2025-02-11,Size Issue,Refunded,1792.65
800010,502299,2024-08-28,Size Issue,Refunded,56773.75
800011,507734,2024-12-07,Quality Issue,Refunded,11594.41
800012,511565,2025-05-09,Quality Issue,Refunded,2007.69
800013,500006,2025-02-27,Damaged,Refunded,3373.71
800014,503262,2024-04-01,Size Issue,Refunded,16319.46
800015,501089,2024-09-24,Quality Issue,Refunded,9292.53
800016,512380,2024-03-11,Quality Issue,Refunded,405.34
800017,517872,2025-10-06,Quality Issue,Processing,28414.74
800018,511572,2024-06-07,Size Issue,Refunded,12412.19
800019,510845,2024-04-22,Quality Issue,Refunded,2566.9
800020,506577,2024-08-11,Wrong Item,Refunded,1606.05
800021,514054,2025-09-25,Quality Issue,Refunded,13555.64
800022,515745,2024-06-05,Quality Issue,Refunded,68772.14
800023,512790,2024-09-20,Damaged,Refunded,65946.55
800024,501169,2024-03-27,Changed Mind,Refunded,6233.78
800025,517150,2025-04-12,Damaged,Refunded,69839.18
800026,501279,2024-11-27,Wrong Item,Refunded,69665.37
800027,506416,2025-12-26,Quality Issue,Refunded,71697.35
800028,500538,2025-05-08,Size Issue,Refunded,70731.48
800029,509715,2024-11-11,Changed Mind,Refunded,405.34
800030,500581,2025-11-17,Changed Mind,Refunded,32329.03
800031,503426,2026-01-07,Damaged,Refunded,98572.33
800032,509136,2025-01-10,Damaged,Refunded,2532.89
800033,504713,2025-10-31,Wrong Item,Refunded,27809.91
800034,517426,2024-10-12,Size Issue,Refunded,8311.7
800035,500761,2025-10-14,Size Issue,Refunded,719.25
800036,517714,2025-04-01,Quality Issue,Refunded,12986.88
800037,505528,2024-07-15,Changed Mind,Refunded,6574.43
800038,510476,2025-06-23,Wrong Item,Refunded,4629.26
800039,508117,2025-11-21,Size Issue,Refunded,18753.25
800040,501361,2024-06-28,Size Issue,Refunded,10774.09
800041,517269,2025-08-28,Size Issue,Processing,3068.6
800042,510927,2024-06-28,Size Issue,Refunded,1184.25
800043,500088,2024-09-19,Changed Mind,Refunded,4512.81
800044,500779,2025-07-25,Changed Mind,Refunded,27518.39
800045,507193,2025-07-18,Quality Issue,Refunded,377.95
800046,505820,2024-07-18,Size Issue,Refunded,7333.43
800047,505705,2024-11-13,Wrong Item,Refunded,116269.9
800048,505966,2024-09-12,Wrong Item,Refunded,419.53
800049,510508,2024-10-12,Changed Mind,Refunded,4579.26
800050,515547,2024-04-30,Damaged,Refunded,26899.4
800051,504848,2024-01-28,Size Issue,Refunded,550.69
800052,515355,2025-10-27,Quality Issue,Processing,1993.54
800053,500110,2025-07-06,Wrong Item,Refunded,9949.34
800054,514269,2024-06-02,Size Issue,Refunded,355.37
800055,512225,2024-11-13,Damaged,Refunded,6922.58
800056,506842,2024-09-24,Quality Issue,Refunded,14031.75
800057,515395,2025-11-02,Size Issue,Refunded,39490.47
800058,502541,2025-09-08,Size Issue,Refunded,15568.91
800059,507228,2024-06-14,Size Issue,Processing,30272.29
800060,500233,2025-04-29,Size Issue,Refunded,7529.81
800061,500201,2024-02-20,Size Issue,Refunded,31613.71
800062,508644,2024-10-06,Size Issue,Refunded,12616.36
800063,506758,2025-02-09,Size Issue,Processing,3905.16
800064,503928,2025-11-24,Quality Issue,Processing,6805.42
800065,514074,2025-06-05,Damaged,Refunded,22664.83
800066,507264,2024-09-28,Size Issue,Refunded,5132.72
800067,503073,2025-10-06,Wrong Item,Refunded,497.02
800068,516077,2024-05-16,Wrong Item,Refunded,1026.87
800069,509754,2024-09-20,Size Issue,Refunded,14081.43
800070,505387,2025-05-25,Size Issue,Refunded,19410.06
800071,517503,2024-11-07,Changed Mind,Refunded,34710.74
800072,513570,2024-03-21,Changed Mind,Refunded,190389.48
800073,509679,2024-04-16,Damaged,Refunded,4665.24
800074,513761,2025-10-07,Quality Issue,Refunded,591.32
800075,505856,2025-09-15,Changed Mind,Refunded,16954.39
800076,509343,2024-07-04,Damaged,Refunded,3861.67
800077,508010,2025-05-15,Changed Mind,Refunded,492.1
800078,501578,2025-03-30,Quality Issue,Refunded,1333.54
800079,515159,2024-10-08,Changed Mind,Refunded,2064.24
800080,504342,2025-04-05,Changed Mind,Refunded,125961.46
800081,514100,2025-01-21,Damaged,Refunded,2053.18
800082,505890,2024-06-22,Size Issue,Refunded,84669.57
800083,508046,2024-08-15,Quality Issue,Refunded,3887.09
800084,511379,2025-04-24,Quality Issue,Processing,2936.94
800085,509272,2025-02-12,Wrong Item,Refunded,7390.89
800086,511184,2025-01-04,Wrong Item,Refunded,2271.97
800087,512692,2025-05-31,Size Issue,Refunded,7682.16
800088,517667,2025-07-08,Quality Issue,Refunded,5942.12
800089,516002,2024-10-10,Size Issue,Refunded,1364.19
800090,501863,2025-09-05,Damaged,Refunded,4823.66
800091,513376,2025-08-05,Quality Issue,Refunded,18851.91
800092,502946,2024-09-02,Size Issue,Processing,2667.18
800093,513476,2025-08-29,Size Issue,Refunded,10893.99
800094,514809,2026-01-19,Quality Issue,Processing,14771.93
800095,502038,2025-03-18,Quality Issue,Refunded,2056.79
800096,511085,2025-02-04,Changed Mind,Refunded,5077.02
800097,503765,2025-04-19,Changed Mind,Refunded,4147.19
800098,505467,2024-11-17,Wrong Item,Refunded,1094.78
800099,516248,2025-11-15,Size Issue,Refunded,949.05
800100,510813,2024-01-22,Quality Issue,Refunded,8219.25
800101,505100,2024-08-26,Size Issue,Processing,3398.12
800102,506327,2024-05-18,Size Issue,Processing,9489.2
800103,504724,2025-10-19,Quality Issue,Refunded,25715.03
800104,514519,2024-11-30,Size Issue,Refunded,1294.82
800105,516412,2024-06-05,Quality Issue,Refunded,396.4
800106,506702,2024-10-15,Size Issue,Refunded,10239.62
800107,513146,2025-07-12,Quality Issue,Refunded,34009.4
800108,513978,2025-02-18,Size Issue,Refunded,1561.36
800109,501317,2024-10-01,Wrong Item,Refunded,8616.12
800110,506242,2025-02-27,Quality Issue,Refunded,11652.93
800111,507142,2024-01-30,Quality Issue,Refunded,11081.74
800112,516020,2025-01-19,Size Issue,Refunded,29141.92
800113,512783,2024-10-27,Wrong Item,Refunded,3140.12
800114,501816,2025-08-15,Size Issue,Refunded,1011.7
800115,502907,2025-02-08,Changed Mind,Refunded,114063.68
800116,503171,2024-12-05,Quality Issue,Processing,5518.58
800117,507522,2024-12-17,Size Issue,Refunded,69244.69
800118,511050,2024-02-28,Quality Issue,Refunded,480.61
800119,512865,2025-05-31,Changed Mind,Refunded,12396.53
800120,516980,2024-02-26,Size Issue,Refunded,19627.83
800121,515914,2024-12-01,Size Issue,Refunded,10167.59
800122,514421,2025-09-14,Size Issue,Refunded,6327.29
800123,514107,2025-10-02,Damaged,Refunded,9303.41
800124,500361,2025-11-09,Wrong Item,Refunded,4746.75
800125,508097,2025-12-17,Changed Mind,Refunded,29641.8
800126,511515,2024-12-23,Quality Issue,Refunded,35310.19
800127,507740,2025-02-19,Quality Issue,Refunded,17016.97
800128,500708,2025-05-11,Quality Issue,Refunded,13761.81
800129,516804,2024-08-26,Size Issue,Processing,1393.74
800130,516405,2024-07-15,Size Issue,Processing,2707.97
800131,505782,2024-12-05,Size Issue,Refunded,1575.85
800132,514700,2025-09-12,Size Issue,Refunded,662.92
800133,514429,2024-06-14,Size Issue,Refunded,52497.14
800134,507307,2024-02-10,Damaged,Refunded,2912.01
800135,508178,2024-07-13,Quality Issue,Refunded,616.04
800136,504740,2025-01-04,Quality Issue,Refunded,1824.63
800137,512173,2024-03-16,Size Issue,Refunded,1316.67
800138,504607,2024-07-06,Changed Mind,Refunded,1757.87
800139,517193,2025-09-21,Size Issue,Processing,687.96
800140,511183,2024-08-14,Damaged,Refunded,51399.59
800141,501933,2024-10-10,Size Issue,Refunded,88614.16
800142,502342,2025-10-15,Size Issue,Refunded,10780.95
800143,506397,2025-08-10,Changed Mind,Refunded,66962.08
800144,513011,2025-03-21,Changed Mind,Refunded,6847.34
800145,504802,2024-06-15,Wrong Item,Refunded,4259.1
800146,511219,2025-06-02,Quality Issue,Refunded,1553.79
800147,512830,2025-07-22,Wrong Item,Refunded,9619.19
800148,515346,2025-07-15,Wrong Item,Refunded,702.8
800149,504391,2025-01-19,Quality Issue,Refunded,1278.75
800150,502677,2025-11-08,Size Issue,Refunded,11009.55
800151,514950,2025-08-01,Quality Issue,Refunded,290.64
800152,500055,2024-07-23,Size Issue,Refunded,7860.04
800153,513637,2025-07-18,Size Issue,Refunded,507.3
800154,516194,2024-12-12,Quality Issue,Refunded,978.26
800155,506518,2025-07-24,Changed Mind,Refunded,11588.82
800156,508831,2024-10-25,Wrong Item,Refunded,8455.74
800157,510017,2025-01-05,Wrong Item,Refunded,69681.33
800158,514135,2025-10-18,Size Issue,Refunded,2399.74
800159,511548,2024-10-10,Size Issue,Refunded,4132.31
800160,517351,2025-09-21,Changed Mind,Refunded,3189.73
800161,510977,2024-09-11,Quality Issue,Refunded,20753.59
800162,501894,2024-04-29,Size Issue,Refunded,1133.35
800163,515156,2025-07-04,Wrong Item,Refunded,266.53
800164,508799,2025-12-16,Quality Issue,Refunded,1905.8
800165,502776,2025-09-30,Damaged,Refunded,957.83
800166,512111,2024-07-26,Wrong Item,Refunded,1386.59
800167,510699,2024-08-08,Wrong Item,Refunded,25675.46
800168,511196,2024-01-30,Changed Mind,Refunded,15133.28
800169,503375,2024-12-10,Damaged,Processing,33333.87
800170,506870,2024-04-06,Changed Mind,Refunded,3356.19
800171,506871,2024-04-21,Size Issue,Refunded,4749.58
800172,516919,2025-03-20,Size Issue,Refunded,23518.77
800173,516874,2025-05-10,Damaged,Refunded,5166.88
800174,512120,2025-03-04,Changed Mind,Refunded,29109.83
800175,504560,2026-01-18,Wrong Item,Refunded,10980.05
800176,506196,2025-11-16,Damaged,Processing,15031.02
800177,508704,2025-04-06,Wrong Item,Refunded,22191.06
800178,506012,2024-04-01,Size Issue,Refunded,23643.01
800179,505440,2024-02-25,Changed Mind,Refunded,8637.98
800180,517853,2025-04-26,Changed Mind,Refunded,1884.53
800181,515504,2026-01-14,Damaged,Refunded,12246.88
800182,514693,2025-08-31,Damaged,Refunded,2641.4
800183,513342,2024-01-28,Changed Mind,Refunded,13464.02
800184,505696,2024-12-29,Size Issue,Refunded,79322.96
800185,512224,2025-09-28,Wrong Item,Refunded,5762.48
800186,500508,2024-04-08,Size Issue,Refunded,95054.58
800187,511627,2024-07-21,Quality Issue,Refunded,39553.12
800188,512352,2025-05-02,Damaged,Refunded,7715.86
800189,510471,2025-03-11,Size Issue,Refunded,2246.55
800190,511459,2024-10-10,Damaged,Refunded,1234.14
800191,512426,2024-12-05,Quality Issue,Refunded,2981.01
800192,504994,2024-05-25,Quality Issue,Refunded,1411.34
800193,513198,2025-12-01,Quality Issue,Refunded,11414.08
800194,512513,2025-12-14,Changed Mind,Refunded,24057.09
800195,509009,2024-08-27,Size Issue,Refunded,8360.87
800196,507592,2024-03-10,Size Issue,Refunded,6360.28
800197,513293,2025-03-15,Changed Mind,Refunded,15411.2
800198,503579,2024-05-19,Size Issue,Refunded,4631.2
800199,507918,2024-01-29,Quality Issue,Refunded,2262.73
800200,510022,2025-08-27,Changed Mind,Refunded,7142.06
800201,502195,2024-06-05,Quality Issue,Refunded,15486.52
800202,503448,2025-08-05,Quality Issue,Refunded,8678.41
800203,505720,2024-08-31,Size Issue,Refunded,624.71
800204,508238,2025-03-31,Quality Issue,Refunded,3362.3
800205,513708,2024-07-08,Wrong Item,Refunded,4427.48
800206,512182,2025-11-14,Changed Mind,Processing,32274.28
800207,508779,2024-07-29,Size Issue,Refunded,53535.32
800208,513102,2024-08-13,Damaged,Refunded,20751.86
800209,500576,2025-08-17,Changed Mind,Refunded,3325.28
800210,515276,2025-01-14,Quality Issue,Refunded,244272.77
800211,508965,2024-08-01,Quality Issue,Refunded,451.9
800212,506360,2024-03-29,Wrong Item,Refunded,12447.4
800213,511968,2025-04-28,Wrong Item,Refunded,72076.32
800214,505437,2025-03-15,Size Issue,Refunded,2920.87
800215,501814,2025-05-18,Quality Issue,Refunded,62855.69
800216,505954,2025-01-27,Quality Issue,Refunded,865.78
800217,500441,2025-07-22,Quality Issue,Refunded,3444.42
800218,506150,2024-11-21,Size Issue,Refunded,9768.42
800219,512218,2025-11-08,Wrong Item,Refunded,24532.49
800220,504885,2024-06-03,Quality Issue,Refunded,24664.32
800221,506749,2025-02-20,Quality Issue,Refunded,34612.44
800222,500770,2025-10-30,Quality Issue,Refunded,2425.54
800223,505332,2024-09-24,Damaged,Refunded,32476.35
800224,509550,2024-12-09,Quality Issue,Refunded,6552.87
800225,514185,2026-01-15,Size Issue,Refunded,9551.86
800226,502836,2024-08-22,Quality Issue,Processing,38597.17
800227,506889,2024-08-03,Quality Issue,Refunded,56271.65
800228,514991,2024-04-12,Changed Mind,Refunded,6566.55
800229,502864,2025-10-23,Size Issue,Refunded,15675.11
800230,507702,2025-09-09,Changed Mind,Refunded,8338.73
800231,515027,2024-08-26,Changed Mind,Refunded,1869.57
800232,502528,2025-10-12,Quality Issue,Refunded,8965.84
800233,515384,2025-04-15,Size Issue,Refunded,1732.38
800234,501375,2024-10-06,Size Issue,Refunded,9737.9
800235,502226,2025-04-03,Quality Issue,Refunded,4100.11
800236,517550,2025-11-09,Quality Issue,Refunded,33673.75
800237,505279,2024-07-27,Changed Mind,Refunded,14826.1
800238,516402,2025-02-07,Size Issue,Refunded,3025.68
800239,507566,2025-10-07,Quality Issue,Refunded,4138.45
800240,508656,2025-09-05,Size Issue,Refunded,3884.29
800241,512337,2024-04-16,Changed Mind,Refunded,3825.91
800242,517547,2024-10-13,Quality Issue,Refunded,24552.55
800243,501918,2024-08-19,Changed Mind,Refunded,1220.54
800244,502418,2025-06-22,Damaged,Processing,29213.38
800245,513194,2025-08-27,Changed Mind,Refunded,45783.1
800246,514019,2024-01-29,Quality Issue,Refunded,9582.65
800247,516297,2025-04-10,Changed Mind,Refunded,1417.32
800248,511176,2025-08-24,Quality Issue,Refunded,17718.82
800249,511983,2025-02-26,Quality Issue,Refunded,5158.21
800250,504093,2025-02-21,Quality Issue,Refunded,10078.52
800251,511231,2025-06-10,Changed Mind,Refunded,3304.51
800252,510046,2025-08-14,Quality Issue,Refunded,275.35
800253,503500,2024-04-20,Size Issue,Refunded,8655.84
800254,500301,2025-10-09,Size Issue,Refunded,1239.73
800255,509151,2024-09-01,Damaged,Refunded,5892.88
800256,504256,2025-08-07,Damaged,Refunded,58075.79
800257,503249,2024-01-29,Wrong Item,Refunded,30036.4
800258,504382,2025-10-12,Size Issue,Refunded,11346.87
800259,517698,2025-11-20,Quality Issue,Refunded,1050.25
800260,510483,2025-03-27,Changed Mind,Processing,5046.54
800261,506676,2024-03-04,Size Issue,Refunded,20002.58
800262,517883,2025-10-09,Changed Mind,Refunded,24312.62
800263,509288,2025-04-25,Damaged,Refunded,61789.71
800264,502667,2025-03-27,Quality Issue,Refunded,700.38
800265,503863,2025-09-02,Damaged,Processing,1470.6
800266,507906,2024-05-12,Changed Mind,Refunded,1169.46
800267,502206,2025-06-26,Size Issue,Refunded,34497.63
800268,504996,2024-06-07,Damaged,Refunded,21034.83
800269,504298,2024-04-05,Size Issue,Refunded,4373.43
800270,517947,2024-09-22,Changed Mind,Refunded,8833.0
800271,513897,2025-10-22,Wrong Item,Refunded,1472.05
800272,516081,2025-06-21,Changed Mind,Refunded,6170.46
800273,504612,2025-04-18,Quality Issue,Refunded,7706.02
800274,509430,2024-10-15,Size Issue,Refunded,7086.42
800275,510314,2025-06-25,Quality Issue,Refunded,473.63
800276,500646,2024-11-22,Wrong Item,Refunded,6307.57
800277,500446,2025-10-03,Damaged,Refunded,44797.09
800278,513848,2026-01-12,Size Issue,Refunded,953.77
800279,517137,2025-09-20,Damaged,Refunded,6708.13
800280,512958,2025-03-29,Quality Issue,Refunded,7604.75
800281,505490,2024-10-15,Changed Mind,Refunded,4966.93
800282,502764,2026-01-07,Damaged,Refunded,324.67
800283,515239,2025-03-06,Changed Mind,Refunded,994.54
800284,505067,2025-05-09,Size Issue,Refunded,2480.48
800285,516648,2024-09-08,Size Issue,Refunded,7896.27
800286,501171,2025-03-12,Wrong Item,Refunded,8502.39
800287,509611,2024-08-06,Wrong Item,Refunded,5057.03
800288,504241,2025-05-21,Damaged,Refunded,9075.9
800289,504727,2024-04-11,Quality Issue,Refunded,30947.46
800290,507347,2025-05-09,Size Issue,Refunded,8302.4
800291,514782,2025-01-25,Damaged,Processing,10041.74
800292,516243,2024-09-08,Damaged,Refunded,1124.43
800293,517992,2025-06-02,Quality Issue,Refunded,661.43
800294,501987,2025-03-27,Size Issue,Refunded,7218.23
800295,507691,2024-04-01,Size Issue,Refunded,7444.39
800296,502878,2024-05-04,Size Issue,Refunded,547.39
800297,516191,2024-12-31,Size Issue,Refunded,789.39
800298,503974,2024-12-11,Changed Mind,Refunded,3449.65
800299,506635,2025-11-29,Size Issue,Refunded,8808.32
800300,506911,2025-01-19,Damaged,Refunded,3980.35
800301,510601,2025-01-08,Size Issue,Refunded,3481.19
800302,501260,2025-01-11,Damaged,Refunded,9269.1
800303,500966,2025-11-04,Size Issue,Refunded,1626.84
800304,504762,2024-09-13,Size Issue,Refunded,5008.95
800305,510133,2026-01-22,Size Issue,Refunded,4480.57
800306,516982,2025-01-18,Size Issue,Refunded,1197.65
800307,501432,2025-12-27,Damaged,Refunded,11795.29
800308,516859,2024-11-02,Changed Mind,Refunded,826.99
800309,512228,2024-02-06,Size Issue,Refunded,1251.49
800310,503241,2024-08-08,Damaged,Refunded,22737.78
800311,513080,2025-07-15,Size Issue,Refunded,304.27
800312,517492,2025-10-27,Quality Issue,Refunded,2880.52
800313,504830,2025-12-02,Size Issue,Refunded,3285.5
800314,505027,2025-06-29,Quality Issue,Processing,481.67
800315,501053,2025-12-08,Quality Issue,Refunded,2154.25
800316,516742,2024-11-01,Changed Mind,Refunded,131635.88
800317,510411,2024-06-20,Quality Issue,Refunded,1578.78
800318,507540,2024-12-23,Damaged,Refunded,3283.28
800319,511393,2024-06-15,Quality Issue,Refunded,535.19
800320,500176,2025-06-02,Wrong Item,Refunded,24023.26
800321,506198,2024-12-01,Quality Issue,Refunded,12309.12
800322,507430,2025-03-14,Damaged,Refunded,16007.94
800323,506126,2025-10-18,Size Issue,Refunded,11499.21
800324,517164,2025-05-29,Size Issue,Refunded,41490.9
800325,508854,2024-09-21,Quality Issue,Refunded,32570.3
800326,508688,2025-04-28,Wrong Item,Refunded,13281.76
800327,515373,2025-01-25,Size Issue,Refunded,9591.49
800328,509681,2025-02-16,Changed Mind,Refunded,1635.93
800329,513044,2024-05-06,Wrong Item,Refunded,39837.1
800330,512323,2024-03-26,Quality Issue,Refunded,20788.3
800331,511353,2024-12-26,Wrong Item,Refunded,1301.72
800332,508841,2024-11-07,Size Issue,Refunded,53037.7
800333,507766,2024-11-30,Quality Issue,Refunded,35606.34
800334,513386,2024-07-23,Size Issue,Refunded,10288.77
800335,511347,2024-09-01,Quality Issue,Refunded,3619.67
800336,508310,2024-11-01,Wrong Item,Refunded,6768.24
800337,508544,2026-01-14,Damaged,Refunded,16000.09
800338,504615,2025-05-27,Wrong Item,Refunded,4765.26
800339,502805,2025-07-13,Damaged,Refunded,8315.43
800340,502352,2024-04-07,Size Issue,Refunded,871.69
800341,508842,2024-09-09,Damaged,Refunded,1591.04
800342,506148,2024-06-09,Quality Issue,Refunded,3765.71
800343,506490,2024-05-22,Size Issue,Refunded,938.62
800344,512729,2025-12-21,Quality Issue,Refunded,10967.93
800345,511724,2024-02-06,Damaged,Refunded,1581.43
800346,506310,2024-02-07,Quality Issue,Refunded,337.23
800347,508961,2025-11-20,Size Issue,Refunded,794.08
800348,506687,2025-04-09,Quality Issue,Refunded,2670.1
800349,502162,2025-07-08,Wrong Item,Refunded,10869.56
800350,504619,2025-05-12,Changed Mind,Refunded,60799.44
800351,511339,2025-01-22,Quality Issue,Refunded,9149.08
800352,517754,2025-07-24,Changed Mind,Refunded,3955.08
800353,517858,2025-07-15,Wrong Item,Refunded,130645.56
800354,517556,2024-06-02,Wrong Item,Refunded,6990.67
800355,512551,2025-03-02,Damaged,Refunded,3109.7
800356,507394,2025-12-21,Damaged,Refunded,11075.75
800357,510572,2025-08-08,Quality Issue,Refunded,21317.41
800358,510577,2025-10-29,Wrong Item,Refunded,8181.63
800359,508173,2024-10-16,Changed Mind,Refunded,2693.42
800360,508980,2024-08-18,Wrong Item,Refunded,54737.84
800361,513177,2025-10-25,Size Issue,Refunded,1577.44
800362,508262,2024-11-07,Quality Issue,Refunded,4599.86
800363,508810,2025-09-10,Size Issue,Refunded,5074.85
800364,514699,2025-07-27,Changed Mind,Refunded,43390.18
800365,501137,2024-04-28,Wrong Item,Processing,568.36
800366,513415,2024-08-15,Wrong Item,Refunded,4521.29
800367,506259,2025-10-31,Size Issue,Refunded,4636.89
800368,514208,2024-09-15,Changed Mind,Processing,53398.96
800369,505400,2024-03-02,Quality Issue,Refunded,13572.33
800370,506828,2025-03-28,Changed Mind,Refunded,191.93
800371,510007,2025-12-20,Changed Mind,Refunded,7743.07
800372,512536,2025-05-02,Quality Issue,Refunded,9254.29
800373,514244,2024-02-18,Quality Issue,Refunded,19892.74
800374,511776,2025-08-17,Changed Mind,Refunded,19003.5
800375,515691,2024-07-19,Wrong Item,Refunded,419.53
800376,505965,2025-08-23,Quality Issue,Refunded,1299.09
800377,505223,2024-11-02,Wrong Item,Refunded,5139.11
800378,507992,2024-07-30,Quality Issue,Refunded,5144.71
800379,514498,2025-03-21,Changed Mind,Refunded,1519.87
800380,503359,2025-12-16,Size Issue,Refunded,4274.68
800381,502746,2025-09-22,Size Issue,Processing,1253.12
800382,509730,2024-04-23,Damaged,Refunded,11455.27
800383,502337,2025-08-14,Size Issue,Refunded,47706.32
800384,500069,2025-08-22,Size Issue,Refunded,1264.52
800385,508774,2024-09-17,Quality Issue,Refunded,27043.71
800386,507369,2024-03-31,Size Issue,Refunded,11679.33
800387,508685,2024-05-02,Size Issue,Refunded,38210.26
800388,504459,2024-05-12,Wrong Item,Refunded,14400.08
800389,507720,2025-08-14,Damaged,Refunded,19300.59
800390,505131,2025-05-04,Damaged,Processing,10637.56
800391,505620,2024-04-06,Wrong Item,Refunded,759.32
800392,512764,2025-09-17,Size Issue,Refunded,3806.33
800393,503473,2024-12-01,Wrong Item,Refunded,1738.75
800394,510906,2025-03-15,Wrong Item,Refunded,585.68
800395,502810,2025-01-08,Quality Issue,Refunded,3943.62
800396,510909,2024-04-02,Quality Issue,Refunded,670.69
800397,508752,2024-01-07,Quality Issue,Refunded,265.01
800398,502460,2024-12-19,Damaged,Refunded,1675.9
800399,513135,2024-12-20,Quality Issue,Refunded,1926.05
800400,512648,2024-12-10,Quality Issue,Refunded,78802.21
800401,506209,2024-06-02,Quality Issue,Refunded,3559.01
800402,515077,2025-07-29,Quality Issue,Refunded,9254.29
800403,501823,2024-09-09,Wrong Item,Refunded,16709.15
800404,506652,2024-07-30,Quality Issue,Refunded,47822.9
800405,510271,2025-07-13,Size Issue,Refunded,26979.0
800406,504480,2025-03-20,Changed Mind,Refunded,39902.28
800407,517112,2024-02-02,Size Issue,Refunded,1310.88
800408,514122,2025-11-26,Changed Mind,Refunded,6760.52
800409,505449,2025-04-09,Size Issue,Refunded,4155.68
800410,500109,2024-10-12,Damaged,Refunded,8780.34
800411,516375,2025-02-22,Quality Issue,Refunded,493.21
800412,507091,2025-04-02,Size Issue,Refunded,2533.11
800413,517608,2025-08-31,Damaged,Refunded,1995.14
800414,502634,2026-01-03,Quality Issue,Refunded,9335.65
800415,504921,2025-02-27,Damaged,Refunded,5609.74
800416,500906,2025-12-20,Quality Issue,Refunded,2915.22
800417,506350,2024-08-30,Quality Issue,Refunded,13935.93
800418,515658,2024-11-25,Wrong Item,Refunded,7341.87
800419,509016,2025-10-07,Quality Issue,Refunded,497.02
800420,500572,2024-02-25,Quality Issue,Refunded,5225.66
800421,511727,2024-08-18,Size Issue,Refunded,10324.26
800422,503664,2025-05-09,Size Issue,Refunded,7991.94
800423,516059,2025-10-12,Quality Issue,Refunded,2312.5
800424,516103,2024-12-16,Quality Issue,Refunded,6605.98
800425,504518,2025-09-14,Changed Mind,Refunded,35332.97
800426,509884,2024-09-17,Quality Issue,Refunded,2010.77
800427,510465,2025-01-06,Damaged,Refunded,37284.71
800428,509581,2025-06-08,Wrong Item,Refunded,75180.47
800429,506593,2024-03-22,Quality Issue,Refunded,1676.82
800430,510243,2024-07-03,Damaged,Refunded,15930.25
800431,514067,2025-03-03,Damaged,Refunded,46121.08
800432,501366,2025-04-13,Size Issue,Refunded,14212.4
800433,500716,2025-06-23,Wrong Item,Refunded,5474.24
800434,507469,2024-10-30,Changed Mind,Refunded,9254.29
800435,513816,2024-02-29,Wrong Item,Refunded,3803.49
800436,506563,2025-09-17,Wrong Item,Refunded,6233.78
800437,503479,2025-02-24,Damaged,Refunded,16046.29
800438,515117,2024-07-17,Size Issue,Refunded,2071.46
800439,503575,2025-10-14,Changed Mind,Refunded,2312.5
800440,508705,2025-08-26,Wrong Item,Refunded,8550.66
800441,516523,2024-01-31,Quality Issue,Refunded,1440.81
800442,515940,2025-11-20,Size Issue,Refunded,1261.16
800443,501176,2025-02-05,Size Issue,Refunded,6962.38
800444,514026,2025-05-06,Quality Issue,Refunded,16764.8
800445,505182,2024-12-07,Wrong Item,Processing,2367.92
800446,515374,2024-11-16,Size Issue,Refunded,32365.17
800447,503787,2024-06-04,Damaged,Refunded,549.39
800448,501496,2024-12-08,Size Issue,Refunded,1472.05
800449,514910,2024-04-21,Quality Issue,Refunded,507.3
800450,516897,2025-06-23,Damaged,Refunded,9840.89
800451,502531,2025-08-22,Size Issue,Refunded,2565.38
800452,512039,2024-10-30,Size Issue,Refunded,6654.22
800453,505732,2024-06-11,Quality Issue,Refunded,47740.99
800454,510893,2025-03-22,Damaged,Refunded,2876.74
800455,507787,2024-02-20,Quality Issue,Processing,888.64
800456,512602,2024-02-16,Quality Issue,Refunded,12644.5
800457,510566,2024-12-17,Size Issue,Refunded,7376.6
800458,501855,2025-11-17,Changed Mind,Refunded,7183.5
800459,511221,2025-01-15,Quality Issue,Refunded,229.46
800460,504943,2025-10-20,Quality Issue,Refunded,17569.06
800461,509873,2024-08-30,Quality Issue,Refunded,959.25
800462,502969,2025-05-10,Size Issue,Refunded,8295.95
800463,517328,2024-06-15,Size Issue,Refunded,2506.08
800464,502949,2024-11-30,Size Issue,Refunded,4222.87
800465,507536,2024-07-10,Size Issue,Refunded,23806.9
800466,513050,2025-09-02,Changed Mind,Refunded,97120.28
800467,500259,2024-12-18,Size Issue,Refunded,17453.23
800468,506600,2025-02-14,Quality Issue,Refunded,130132.85
800469,505173,2025-05-24,Quality Issue,Refunded,36895.49
800470,507763,2025-03-03,Damaged,Refunded,27373.48
800471,506070,2025-08-15,Damaged,Refunded,8642.14
800472,503822,2024-10-17,Size Issue,Refunded,22412.72
800473,512909,2025-10-05,Changed Mind,Refunded,47767.1
800474,505970,2024-12-29,Quality Issue,Refunded,342.7
800475,504636,2025-03-08,Quality Issue,Refunded,871.2
800476,502016,2025-01-20,Size Issue,Refunded,1626.38
800477,512672,2026-01-03,Quality Issue,Refunded,33994.54
800478,516923,2024-04-21,Changed Mind,Refunded,9353.15
800479,505152,2024-07-27,Changed Mind,Refunded,4231.12
800480,516752,2024-04-16,Damaged,Refunded,71555.04
800481,517425,2024-06-22,Quality Issue,Refunded,28112.5
800482,503519,2024-06-01,Size Issue,Refunded,1334.77
800483,511324,2025-12-31,Damaged,Refunded,13489.5
800484,515004,2024-07-22,Wrong Item,Refunded,8332.68
800485,515234,2025-03-06,Damaged,Processing,4994.78
800486,501859,2024-12-24,Changed Mind,Refunded,60892.48
800487,517595,2024-07-24,Quality Issue,Refunded,9937.51
800488,500269,2024-11-08,Quality Issue,Refunded,169552.49
800489,517522,2025-04-06,Size Issue,Refunded,56544.74
800490,511421,2025-06-12,Quality Issue,Refunded,9531.76
800491,513400,2024-04-03,Wrong Item,Refunded,6869.33
800492,509348,2025-05-09,Wrong Item,Refunded,127063.61
800493,506899,2025-10-08,Changed Mind,Refunded,238.51
800494,514004,2025-05-22,Quality Issue,Refunded,5761.62
800495,505299,2025-01-11,Changed Mind,Refunded,6511.3
800496,506049,2025-11-06,Size Issue,Refunded,5388.11
800497,504479,2025-11-28,Size Issue,Refunded,2374.29
800498,502639,2025-03-31,Wrong Item,Refunded,45688.52
800499,506229,2024-06-25,Quality Issue,Refunded,1487.22
800500,517916,2024-10-31,Changed Mind,Refunded,69091.13
800501,501418,2025-06-07,Wrong Item,Refunded,639.3
800502,515338,2025-10-07,Quality Issue,Refunded,26966.16
800503,505587,2025-01-09,Damaged,Refunded,8218.04
800504,515448,2025-02-12,Quality Issue,Refunded,3584.57
800505,510514,2025-07-11,Changed Mind,Refunded,10212.18
800506,508754,2024-11-21,Damaged,Processing,2868.74
800507,504408,2024-10-16,Wrong Item,Refunded,10434.97
800508,504842,2025-06-13,Damaged,Refunded,13989.13
800509,511482,2025-06-10,Size Issue,Refunded,155216.37
800510,508850,2024-08-15,Damaged,Refunded,56154.52
800511,515572,2024-01-24,Wrong Item,Processing,12056.2
800512,505480,2024-04-16,Damaged,Refunded,13457.96
800513,511957,2025-09-28,Quality Issue,Refunded,9937.51
800514,505110,2024-06-23,Damaged,Refunded,343.86
800515,507370,2024-06-15,Size Issue,Refunded,8645.84
800516,503150,2024-08-13,Size Issue,Refunded,1002.96
800517,513785,2025-04-01,Quality Issue,Refunded,1712.26
800518,517662,2024-09-18,Quality Issue,Refunded,211940.61
800519,510719,2025-11-24,Size Issue,Processing,1766.91
800520,505106,2025-12-07,Quality Issue,Refunded,7937.76
800521,509363,2025-11-20,Size Issue,Refunded,46372.18
800522,515116,2025-01-27,Changed Mind,Refunded,180149.52
800523,500313,2026-01-10,Changed Mind,Refunded,17196.51
800524,514352,2024-07-22,Size Issue,Refunded,23973.94
800525,512389,2024-07-01,Quality Issue,Refunded,10460.54
800526,512716,2024-07-17,Size Issue,Processing,1429.34
800527,510162,2024-04-10,Size Issue,Refunded,22978.29
800528,517382,2024-04-28,Size Issue,Refunded,37852.24
800529,505163,2025-01-28,Quality Issue,Refunded,16549.96
800530,516597,2024-02-28,Quality Issue,Refunded,5334.45
800531,510934,2024-05-18,Damaged,Refunded,48728.19
800532,508625,2024-06-07,Size Issue,Refunded,858.28
800533,502134,2025-01-16,Wrong Item,Refunded,2572.44
800534,517313,2025-07-02,Size Issue,Refunded,485.26
800535,516027,2024-12-27,Changed Mind,Refunded,5210.66
800536,508116,2025-12-13,Size Issue,Refunded,714.67
800537,503503,2024-06-18,Quality Issue,Refunded,12952.21
800538,503025,2025-09-24,Size Issue,Refunded,38880.38
800539,502198,2025-08-26,Wrong Item,Refunded,1240.86
800540,502820,2024-03-31,Damaged,Refunded,6409.46
800541,508063,2025-10-01,Size Issue,Refunded,6299.59
800542,506343,2025-11-12,Wrong Item,Refunded,759.32
800543,506508,2025-08-07,Wrong Item,Refunded,29288.66
800544,510557,2024-10-06,Changed Mind,Refunded,12161.16
800545,514676,2025-10-16,Size Issue,Refunded,77157.04
800546,514844,2026-01-02,Damaged,Refunded,4718.58
800547,505471,2024-07-09,Size Issue,Refunded,1276.59
800548,503545,2024-07-11,Quality Issue,Refunded,5518.05
800549,516558,2025-05-30,Quality Issue,Refunded,6600.09
800550,501696,2025-01-20,Size Issue,Refunded,3873.17
800551,502147,2024-03-09,Changed Mind,Refunded,60427.79
800552,509075,2025-03-07,Wrong Item,Refunded,16908.3
800553,511981,2025-03-07,Damaged,Refunded,9902.98
800554,503857,2024-07-11,Damaged,Refunded,3729.97
800555,513777,2025-11-20,Damaged,Refunded,4147.19
800556,502008,2024-11-05,Quality Issue,Refunded,24481.08
800557,500376,2025-11-14,Size Issue,Refunded,10492.81
800558,503929,2024-04-07,Changed Mind,Refunded,9573.83
800559,511920,2024-07-12,Size Issue,Refunded,5515.98
800560,514376,2024-09-04,Damaged,Refunded,505.21
800561,516421,2025-10-08,Wrong Item,Refunded,6293.58
800562,507606,2024-12-21,Damaged,Refunded,58308.22
800563,515145,2024-12-04,Quality Issue,Refunded,1875.06
800564,506678,2025-10-06,Size Issue,Refunded,624.71
800565,501620,2024-09-03,Quality Issue,Refunded,1234.14
800566,510397,2025-08-10,Wrong Item,Refunded,20451.68
800567,504869,2025-06-19,Size Issue,Refunded,2406.77
800568,517851,2025-02-13,Damaged,Refunded,6233.42
800569,507184,2025-12-28,Size Issue,Refunded,12541.31
800570,511170,2025-02-10,Quality Issue,Refunded,89176.01
800571,508840,2025-03-17,Size Issue,Refunded,7616.7
800572,514565,2024-08-01,Size Issue,Refunded,456.17
800573,511945,2025-03-03,Size Issue,Refunded,1575.76
800574,517373,2025-01-24,Changed Mind,Refunded,9704.81
800575,517787,2025-12-03,Damaged,Refunded,51823.07
800576,517901,2024-04-25,Wrong Item,Refunded,361.52
800577,510484,2024-08-19,Quality Issue,Refunded,13610.31
800578,507233,2024-08-07,Size Issue,Refunded,6890.5
800579,506537,2024-04-26,Size Issue,Refunded,4978.31
800580,511258,2025-04-10,Quality Issue,Refunded,7568.04
800581,512144,2025-02-17,Changed Mind,Refunded,8715.53
800582,502944,2025-08-22,Quality Issue,Refunded,38867.3
800583,502990,2024-06-19,Size Issue,Refunded,10460.54
800584,501729,2025-01-21,Quality Issue,Refunded,5558.46
800585,500870,2025-11-12,Changed Mind,Refunded,12262.17
800586,508735,2025-04-29,Size Issue,Refunded,53510.27
800587,510076,2024-05-03,Damaged,Refunded,9692.64
800588,503749,2025-11-16,Size Issue,Refunded,384.12
800589,501909,2025-07-09,Wrong Item,Refunded,4274.68
800590,513784,2024-10-15,Size Issue,Refunded,1862.11
800591,501714,2025-05-24,Size Issue,Refunded,1849.16
800592,503083,2024-11-03,Wrong Item,Refunded,4110.39
800593,517174,2024-10-05,Wrong Item,Refunded,11211.71
800594,515586,2025-09-09,Quality Issue,Refunded,4503.82
800595,516925,2025-02-09,Size Issue,Refunded,18075.12
800596,506779,2024-10-21,Quality Issue,Refunded,4647.6
800597,517794,2026-01-16,Wrong Item,Refunded,4254.19
800598,513866,2024-02-21,Wrong Item,Refunded,10490.1
800599,507090,2024-11-27,Quality Issue,Refunded,11920.63
800600,517876,2025-03-10,Damaged,Refunded,1395.96
800601,512312,2024-03-11,Quality Issue,Refunded,54886.02
800602,511175,2024-07-31,Quality Issue,Refunded,2736.48
800603,517940,2025-03-01,Quality Issue,Refunded,12535.14
800604,505880,2025-07-17,Damaged,Refunded,21374.59
800605,503063,2024-12-01,Damaged,Refunded,24382.54
800606,516613,2024-06-16,Quality Issue,Processing,6589.97
800607,515044,2025-08-17,Quality Issue,Refunded,198.76
800608,508312,2025-08-05,Size Issue,Refunded,9165.47
800609,503418,2024-02-22,Damaged,Refunded,43658.23
800610,514970,2024-07-20,Size Issue,Refunded,1511.58
800611,513850,2024-02-14,Damaged,Refunded,7411.28
800612,512014,2024-08-30,Damaged,Refunded,26676.35
800613,512612,2025-09-10,Size Issue,Refunded,18344.36
800614,516253,2024-08-05,Wrong Item,Refunded,1265.56
800615,517180,2024-11-06,Quality Issue,Refunded,8020.04
800616,501854,2025-05-31,Damaged,Processing,257.82
800617,511879,2025-12-29,Wrong Item,Refunded,66744.1
800618,509391,2025-01-21,Quality Issue,Refunded,22388.45
800619,504271,2025-07-06,Quality Issue,Refunded,490.84
800620,516896,2025-02-26,Changed Mind,Refunded,2660.66
800621,511696,2024-10-28,Wrong Item,Refunded,887.42
800622,506914,2025-05-27,Changed Mind,Refunded,3163.99
800623,511750,2025-09-16,Size Issue,Refunded,19838.25
800624,512206,2025-04-11,Wrong Item,Refunded,10983.25
800625,506574,2024-09-11,Damaged,Refunded,12877.79
800626,503951,2025-06-03,Wrong Item,Refunded,57959.17
800627,502867,2024-08-16,Wrong Item,Refunded,48225.12
800628,507085,2025-08-11,Size Issue,Refunded,1128.78
800629,504149,2025-11-22,Quality Issue,Refunded,50234.13
800630,505534,2024-12-03,Size Issue,Refunded,54606.06
800631,514643,2024-05-11,Size Issue,Refunded,8799.28
800632,507770,2024-06-08,Size Issue,Refunded,4398.41
800633,505824,2024-10-31,Damaged,Refunded,1734.87
800634,505643,2024-10-27,Wrong Item,Refunded,30075.67
800635,515464,2025-04-07,Size Issue,Refunded,8655.57
800636,516600,2025-09-20,Wrong Item,Refunded,686.21
800637,511443,2025-03-08,Size Issue,Refunded,5778.43
800638,516515,2025-11-30,Changed Mind,Refunded,46470.54
800639,510495,2025-12-31,Wrong Item,Refunded,39655.55
800640,508036,2024-07-28,Size Issue,Refunded,18002.29
800641,508166,2025-02-28,Quality Issue,Refunded,461.97
800642,507817,2025-07-18,Size Issue,Refunded,1926.05
800643,513779,2025-10-05,Damaged,Processing,2967.45
800644,503411,2024-04-10,Changed Mind,Refunded,7963.91
800645,515685,2025-02-22,Changed Mind,Refunded,4678.06
800646,516468,2024-07-31,Size Issue,Refunded,27995.65
800647,501545,2024-10-25,Size Issue,Refunded,10666.17
800648,511323,2024-09-07,Size Issue,Refunded,47328.42
800649,501530,2024-05-28,Damaged,Refunded,6270.68
800650,501573,2025-04-03,Changed Mind,Refunded,21151.75
800651,500062,2024-03-17,Changed Mind,Processing,1846.95
800652,510920,2025-06-18,Wrong Item,Refunded,37080.53
800653,507188,2025-05-26,Quality Issue,Refunded,9965.67
800654,511714,2024-06-09,Damaged,Refunded,829.15
800655,513682,2025-01-29,Wrong Item,Refunded,1049.26
800656,505427,2025-05-05,Quality Issue,Refunded,1199.87
800657,503080,2024-12-30,Wrong Item,Refunded,3107.43
800658,509947,2024-12-09,Damaged,Refunded,24960.01
800659,504038,2024-03-01,Wrong Item,Refunded,2846.92
800660,501185,2025-12-16,Damaged,Refunded,7961.04
800661,517084,2025-08-10,Quality Issue,Refunded,7080.73
800662,513245,2025-09-01,Changed Mind,Refunded,21327.98
800663,505563,2025-10-18,Quality Issue,Refunded,65282.59
800664,505835,2024-05-13,Wrong Item,Refunded,52583.04
800665,511251,2024-10-13,Quality Issue,Refunded,6170.6
800666,513630,2025-06-24,Damaged,Refunded,7086.42
800667,515056,2024-07-30,Damaged,Refunded,1752.23
800668,514969,2024-10-29,Wrong Item,Refunded,1860.62
800669,510913,2025-06-12,Changed Mind,Processing,105431.61
800670,509566,2024-04-07,Wrong Item,Refunded,728.43
800671,502537,2025-05-29,Size Issue,Refunded,8179.57
800672,508929,2025-04-30,Size Issue,Refunded,25390.84
800673,510466,2025-12-28,Size Issue,Refunded,13176.14
800674,516623,2024-05-28,Damaged,Refunded,9107.14
800675,503136,2024-10-11,Size Issue,Refunded,4365.37
800676,510467,2025-09-04,Quality Issue,Refunded,30015.5
800677,504074,2025-09-06,Size Issue,Refunded,25082.62
800678,510129,2024-03-02,Quality Issue,Refunded,5281.33
800679,511838,2024-06-15,Quality Issue,Refunded,109514.67
800680,504478,2025-02-24,Wrong Item,Refunded,3023.44
800681,517711,2024-06-13,Changed Mind,Refunded,17026.7
800682,515284,2024-08-31,Quality Issue,Refunded,23106.82
800683,514239,2024-06-29,Size Issue,Refunded,986.42
800684,503696,2024-08-27,Wrong Item,Refunded,2936.94
800685,513601,2025-06-18,Size Issue,Refunded,6991.55
800686,515150,2024-07-02,Damaged,Refunded,3373.3
800687,510408,2025-08-04,Size Issue,Refunded,2701.38
800688,500498,2025-11-05,Changed Mind,Refunded,286.47
800689,516088,2024-07-26,Quality Issue,Refunded,903.57
800690,508998,2024-10-11,Damaged,Refunded,4560.43
800691,514181,2024-05-27,Size Issue,Refunded,1056.79
800692,514842,2024-03-29,Changed Mind,Refunded,10078.62
800693,513153,2024-11-12,Size Issue,Refunded,67114.53
800694,501522,2024-03-12,Damaged,Refunded,57507.59
800695,513628,2024-05-12,Quality Issue,Refunded,1348.98
800696,516634,2024-03-19,Quality Issue,Refunded,24767.57
800697,506421,2025-08-10,Quality Issue,Refunded,1420.83
800698,509381,2025-09-24,Size Issue,Refunded,992.14
800699,505754,2025-07-30,Damaged,Refunded,15599.03
800700,512873,2024-04-12,Damaged,Refunded,1874.81
800701,508086,2024-06-19,Quality Issue,Processing,1857.07
800702,507987,2025-06-04,Quality Issue,Refunded,4447.64
800703,502807,2024-06-17,Quality Issue,Refunded,8862.45
800704,515194,2024-08-23,Quality Issue,Refunded,5764.62
800705,509228,2024-02-05,Quality Issue,Refunded,4922.12
800706,506934,2024-06-14,Size Issue,Refunded,30974.85
800707,515823,2024-07-19,Size Issue,Refunded,2140.06
800708,505420,2025-10-21,Size Issue,Refunded,4774.77
800709,511412,2024-09-11,Changed Mind,Refunded,1603.1
800710,511674,2024-09-19,Wrong Item,Refunded,1133.67
800711,500073,2024-11-24,Changed Mind,Refunded,9633.82
800712,502139,2025-04-28,Wrong Item,Processing,1667.78
800713,515512,2024-06-13,Size Issue,Refunded,3025.68
800714,511344,2025-09-12,Size Issue,Refunded,8682.59
800715,502164,2025-04-26,Quality Issue,Refunded,15783.71
800716,507218,2024-11-23,Size Issue,Processing,7471.67
800717,506797,2025-09-12,Damaged,Refunded,3523.47
800718,515398,2024-05-05,Changed Mind,Processing,46323.74
800719,501419,2025-01-12,Quality Issue,Refunded,73752.96
800720,509470,2025-10-28,Size Issue,Refunded,91468.62
800721,503178,2025-01-13,Wrong Item,Processing,10326.04
800722,502405,2025-04-15,Quality Issue,Refunded,4921.39
800723,502525,2025-12-07,Wrong Item,Refunded,887.48
800724,509560,2024-07-27,Damaged,Refunded,104868.57
800725,503803,2024-06-30,Quality Issue,Refunded,12901.33
800726,516687,2026-01-15,Wrong Item,Refunded,8759.7
800727,506736,2025-01-03,Wrong Item,Refunded,60608.62
800728,512068,2024-05-26,Size Issue,Refunded,186546.05
800729,514854,2025-12-13,Changed Mind,Refunded,31724.89
800730,512293,2025-03-06,Quality Issue,Refunded,2671.07
800731,503635,2025-01-30,Damaged,Refunded,98812.27
800732,517098,2024-04-24,Changed Mind,Refunded,2337.82
800733,515935,2024-07-18,Size Issue,Refunded,2923.87
800734,502713,2025-05-14,Quality Issue,Refunded,11809.89
800735,503669,2024-04-13,Wrong Item,Refunded,57078.52
800736,515966,2025-03-06,Size Issue,Processing,759.32
800737,502191,2024-08-16,Changed Mind,Refunded,7290.19
800738,507755,2024-08-13,Size Issue,Processing,1483.35
800739,506068,2024-04-08,Wrong Item,Refunded,10894.41
800740,503521,2024-11-22,Quality Issue,Refunded,2281.69
800741,502077,2025-09-25,Size Issue,Refunded,3617.74
800742,504166,2024-11-11,Quality Issue,Refunded,6937.5
800743,507465,2025-02-08,Quality Issue,Refunded,26256.63
800744,512950,2024-10-25,Changed Mind,Refunded,13710.46
800745,517048,2024-08-08,Changed Mind,Refunded,1611.53
800746,512128,2025-01-25,Changed Mind,Refunded,5802.98
800747,510503,2025-02-10,Changed Mind,Processing,6994.57
800748,510083,2024-11-29,Wrong Item,Refunded,19987.21
800749,502202,2024-07-02,Size Issue,Refunded,1769.0
800750,504286,2024-05-05,Quality Issue,Refunded,454.91
800751,500013,2025-03-11,Damaged,Refunded,27827.94
800752,514605,2025-12-25,Size Issue,Refunded,3577.42
800753,508455,2025-01-26,Size Issue,Refunded,1525.94
800754,501238,2024-04-16,Changed Mind,Refunded,20193.4
800755,512452,2025-02-20,Damaged,Refunded,14148.07
800756,503589,2025-08-09,Quality Issue,Processing,43063.76
800757,510353,2025-06-14,Size Issue,Refunded,8567.01
800758,511525,2025-12-10,Size Issue,Processing,9897.46
800759,507240,2025-01-20,Wrong Item,Refunded,1048.43
800760,513861,2024-02-29,Quality Issue,Refunded,8878.94
800761,513941,2024-05-06,Quality Issue,Refunded,23541.33
800762,501737,2024-08-06,Quality Issue,Refunded,8158.65
800763,507418,2024-05-03,Size Issue,Refunded,185480.09
800764,511908,2024-03-15,Damaged,Refunded,13314.65
800765,504282,2025-02-01,Size Issue,Refunded,316.16
800766,505361,2024-11-02,Size Issue,Refunded,594.24
800767,502579,2024-10-12,Size Issue,Refunded,6882.96
800768,507905,2024-04-07,Wrong Item,Refunded,4409.05
800769,502743,2025-05-25,Changed Mind,Refunded,8136.12
800770,505794,2024-03-14,Size Issue,Refunded,1537.8
800771,511600,2024-07-05,Quality Issue,Refunded,2936.94
800772,506256,2024-04-27,Size Issue,Processing,12604.11
800773,504417,2024-03-25,Changed Mind,Refunded,3809.54
800774,507140,2026-01-07,Changed Mind,Refunded,9768.42
800775,507412,2025-02-25,Wrong Item,Refunded,43428.06
800776,502973,2025-12-16,Size Issue,Refunded,1447.71
800777,500072,2024-12-07,Quality Issue,Refunded,59725.71
800778,506031,2025-02-06,Quality Issue,Refunded,4436.45
800779,514914,2024-02-18,Damaged,Refunded,3748.96
800780,507241,2024-02-07,Size Issue,Refunded,1455.11
800781,512856,2025-07-03,Size Issue,Refunded,5517.02
800782,515441,2024-07-31,Changed Mind,Refunded,63043.8
800783,516924,2025-09-08,Changed Mind,Refunded,114221.3
800784,512094,2025-04-21,Quality Issue,Refunded,3519.49
800785,515350,2024-11-04,Quality Issue,Processing,887.42
800786,500178,2025-08-25,Changed Mind,Refunded,10835.21
800787,501648,2026-01-12,Quality Issue,Refunded,15434.69
800788,511729,2024-05-04,Damaged,Refunded,10434.97
800789,515076,2024-02-12,Quality Issue,Refunded,513.81
800790,513046,2024-02-17,Changed Mind,Refunded,1245.28
800791,514264,2025-01-14,Quality Issue,Refunded,1183.96
800792,504432,2025-06-27,Damaged,Refunded,626.19
800793,512018,2024-06-07,Size Issue,Refunded,5707.23
800794,516516,2024-11-08,Damaged,Processing,10259.86
800795,510850,2025-01-21,Quality Issue,Refunded,95079.93
800796,501009,2025-11-27,Quality Issue,Refunded,1372.2
800797,512890,2025-05-11,Size Issue,Refunded,3675.21
800798,507267,2025-09-21,Damaged,Refunded,92384.46
800799,515557,2025-12-06,Quality Issue,Refunded,66381.95
800800,510806,2025-09-30,Size Issue,Refunded,12690.49
800801,514711,2024-08-10,Size Issue,Refunded,2729.95
800802,510253,2024-02-25,Damaged,Refunded,92842.39
800803,505864,2024-01-30,Changed Mind,Refunded,219245.96
800804,504669,2025-01-27,Changed Mind,Refunded,16666.26
800805,506011,2024-05-22,Changed Mind,Refunded,40544.42
800806,508913,2025-01-30,Damaged,Refunded,14942.91
800807,513700,2025-09-21,Size Issue,Processing,5274.37
800808,515582,2024-05-16,Changed Mind,Refunded,105768.53
800809,508677,2024-03-14,Damaged,Refunded,29453.52
800810,504008,2024-05-09,Quality Issue,Refunded,9825.43
800811,514372,2025-12-07,Size Issue,Refunded,634.05
800812,517234,2025-06-15,Size Issue,Refunded,1774.64
800813,514584,2025-08-09,Quality Issue,Refunded,12690.64
800814,502131,2024-10-17,Quality Issue,Refunded,2082.75
800815,506549,2025-10-27,Changed Mind,Refunded,1504.44
800816,516273,2025-12-25,Size Issue,Refunded,445.95
800817,507909,2025-08-09,Size Issue,Processing,10170.94
800818,501977,2025-11-27,Size Issue,Refunded,26118.97
800819,506644,2024-10-31,Size Issue,Refunded,5919.05
800820,506318,2024-11-13,Size Issue,Refunded,7830.02
800821,514979,2025-06-08,Quality Issue,Refunded,27003.95
800822,504334,2025-09-02,Quality Issue,Refunded,42759.78
800823,509839,2025-07-25,Size Issue,Refunded,14943.35
800824,517612,2024-03-26,Quality Issue,Refunded,1774.64
800825,516252,2024-08-24,Wrong Item,Refunded,37480.36
800826,513396,2024-12-26,Size Issue,Refunded,3013.01
800827,501257,2024-01-27,Size Issue,Refunded,18978.4
800828,506235,2024-02-09,Damaged,Refunded,38963.2
800829,510362,2025-07-26,Size Issue,Refunded,6830.55
800830,511035,2025-06-08,Quality Issue,Refunded,26350.4
800831,517975,2024-11-04,Damaged,Refunded,2468.24
800832,514423,2025-11-02,Size Issue,Refunded,616.04
800833,512987,2024-06-29,Changed Mind,Refunded,26829.48
800834,512801,2025-07-03,Quality Issue,Refunded,74736.94
800835,511996,2025-09-06,Quality Issue,Refunded,22363.42
800836,513365,2024-10-25,Wrong Item,Refunded,27155.4
800837,503859,2024-09-29,Quality Issue,Refunded,810.35
800838,503788,2025-09-03,Damaged,Refunded,1259.45
800839,514785,2024-11-19,Damaged,Refunded,1798.24
800840,512971,2024-09-21,Size Issue,Refunded,20122.47
800841,500573,2024-05-28,Wrong Item,Refunded,9685.41
800842,502588,2025-02-28,Size Issue,Refunded,28169.9
800843,509596,2024-10-27,Quality Issue,Refunded,2809.38
800844,508314,2025-07-30,Changed Mind,Refunded,35400.1
800845,508446,2024-10-26,Size Issue,Refunded,2002.31
800846,506099,2024-09-29,Changed Mind,Refunded,674.97
800847,509128,2025-05-18,Quality Issue,Processing,1792.28
800848,505635,2025-08-27,Quality Issue,Refunded,52018.75
800849,512385,2024-07-25,Damaged,Refunded,37415.28
800850,503762,2024-10-10,Damaged,Refunded,2113.58
800851,517864,2025-05-06,Wrong Item,Refunded,67993.07
800852,506550,2025-08-24,Changed Mind,Refunded,2989.45
800853,510220,2024-10-11,Size Issue,Refunded,13716.68
800854,501488,2025-08-20,Damaged,Refunded,803.18
800855,509069,2025-11-12,Quality Issue,Refunded,4890.43
800856,511169,2025-06-23,Wrong Item,Refunded,1359.57
800857,506492,2024-06-27,Quality Issue,Refunded,1537.8
800858,509545,2024-08-22,Quality Issue,Refunded,23229.62
800859,507879,2026-01-12,Damaged,Refunded,10951.39
800860,512442,2024-05-07,Size Issue,Refunded,6796.23
800861,504383,2025-04-08,Damaged,Refunded,29194.17
800862,510393,2024-12-12,Size Issue,Refunded,14514.41
800863,516385,2025-09-01,Size Issue,Refunded,47121.63
800864,502443,2024-06-06,Size Issue,Refunded,8699.49
800865,503536,2024-11-12,Size Issue,Refunded,619.87
800866,515945,2024-06-27,Size Issue,Refunded,4209.7
800867,517926,2024-12-13,Size Issue,Refunded,4545.29
800868,511333,2025-04-03,Quality Issue,Refunded,23846.75
800869,511213,2025-07-11,Wrong Item,Refunded,6736.11
800870,510318,2025-04-10,Quality Issue,Refunded,11081.74
800871,504732,2024-07-05,Size Issue,Refunded,13687.75
800872,504651,2025-01-09,Damaged,Refunded,4833.71
800873,511340,2025-01-21,Changed Mind,Refunded,2096.86
800874,511748,2025-12-04,Damaged,Refunded,5823.08
800875,510366,2025-11-08,Damaged,Refunded,2436.07
800876,512286,2024-02-18,Size Issue,Refunded,28869.25
800877,504233,2024-09-12,Quality Issue,Refunded,3815.26
800878,510478,2025-03-29,Wrong Item,Refunded,1003.97
800879,500997,2024-09-05,Size Issue,Refunded,8550.39
800880,514140,2024-03-01,Damaged,Refunded,1575.85
800881,505829,2025-12-01,Quality Issue,Refunded,5813.36
800882,506516,2025-04-11,Damaged,Refunded,108265.15
800883,517312,2025-06-21,Quality Issue,Refunded,1894.34
800884,500952,2025-06-11,Damaged,Refunded,30926.74
800885,502765,2024-05-18,Quality Issue,Refunded,1451.25
800886,514746,2024-06-18,Wrong Item,Refunded,4476.1
800887,511975,2024-04-12,Size Issue,Refunded,2168.0
800888,511488,2025-03-03,Size Issue,Refunded,23228.87
800889,514167,2024-09-24,Size Issue,Refunded,29942.16
800890,508690,2024-10-21,Quality Issue,Refunded,8857.37
800891,501717,2024-12-01,Size Issue,Refunded,8991.82
800892,511293,2024-04-27,Size Issue,Refunded,13936.24
800893,515742,2025-11-05,Size Issue,Refunded,4476.68
800894,504114,2024-06-25,Wrong Item,Refunded,3286.04
800895,500826,2025-02-10,Changed Mind,Refunded,1926.05
800896,504179,2025-07-02,Size Issue,Refunded,54281.21
800897,509210,2024-11-07,Damaged,Refunded,2669.92
800898,513328,2025-04-14,Size Issue,Processing,3253.85
800899,507959,2024-09-27,Wrong Item,Refunded,3381.95
800900,508908,2025-05-07,Damaged,Refunded,9846.18
800901,508029,2024-08-01,Damaged,Refunded,4221.89
800902,508122,2025-05-24,Damaged,Refunded,436.14
800903,506181,2025-12-16,Damaged,Refunded,142535.96
800904,501733,2024-09-22,Damaged,Refunded,7349.18
800905,504833,2025-12-24,Size Issue,Processing,600.68
800906,512476,2025-02-25,Damaged,Processing,46111.44
800907,511712,2025-02-14,Damaged,Refunded,46705.18
800908,508695,2024-04-28,Quality Issue,Refunded,6359.77
800909,506321,2025-12-25,Quality Issue,Refunded,1685.21
800910,507343,2024-02-02,Wrong Item,Refunded,989.41
800911,502381,2025-11-25,Quality Issue,Refunded,5524.8
800912,517242,2024-05-04,Size Issue,Refunded,11678.88
800913,516272,2025-10-03,Size Issue,Refunded,35293.89
800914,515501,2024-06-10,Wrong Item,Refunded,2477.47
800915,504062,2024-03-09,Damaged,Refunded,795.63
800916,513932,2024-02-04,Changed Mind,Refunded,4648.56
800917,508797,2024-08-05,Changed Mind,Processing,1476.97
800918,512982,2025-02-13,Changed Mind,Refunded,1872.03
800919,501660,2024-10-25,Wrong Item,Refunded,18625.64
800920,503296,2025-02-19,Size Issue,Refunded,19212.82
800921,506188,2025-02-20,Size Issue,Refunded,4897.06
800922,513379,2025-07-13,Size Issue,Refunded,6462.36
800923,502809,2024-05-05,Size Issue,Refunded,13789.19
800924,500722,2025-03-08,Quality Issue,Refunded,1018.17
800925,517805,2025-07-16,Quality Issue,Refunded,13410.71
800926,508491,2025-12-21,Size Issue,Refunded,14624.52
800927,500887,2025-07-18,Quality Issue,Refunded,30717.05
800928,503858,2024-08-23,Changed Mind,Processing,3161.42
800929,502802,2024-11-11,Quality Issue,Refunded,70581.41
800930,506271,2025-08-09,Wrong Item,Refunded,3372.05
800931,502630,2024-03-25,Changed Mind,Refunded,10168.33
800932,505370,2024-12-27,Wrong Item,Refunded,1196.32
800933,502476,2025-05-25,Wrong Item,Processing,20790.21
800934,514016,2024-02-04,Size Issue,Refunded,4286.63
800935,508826,2025-09-10,Damaged,Refunded,3495.86
800936,504079,2025-03-26,Damaged,Refunded,2341.14
800937,507769,2025-11-27,Size Issue,Refunded,8770.24
800938,514765,2025-04-02,Quality Issue,Refunded,4252.91
800939,503037,2024-10-28,Quality Issue,Processing,635.26
800940,505305,2025-10-03,Quality Issue,Refunded,1093.56
800941,510272,2024-02-15,Damaged,Refunded,5500.74
800942,511618,2025-01-02,Damaged,Refunded,5356.54
800943,505861,2024-06-08,Changed Mind,Refunded,45252.5
800944,515612,2024-02-23,Size Issue,Processing,1146.02
800945,513486,2024-10-24,Size Issue,Refunded,11449.29
800946,505879,2025-03-01,Damaged,Refunded,688.8
800947,503612,2024-02-04,Wrong Item,Refunded,4347.92
800948,512788,2025-05-14,Size Issue,Refunded,4687.76
800949,510276,2024-08-27,Changed Mind,Refunded,2730.16
800950,515073,2025-06-10,Size Issue,Refunded,24659.79
800951,505641,2024-11-04,Size Issue,Refunded,7422.89
800952,503436,2024-01-20,Damaged,Refunded,3158.49
800953,508597,2025-10-18,Quality Issue,Refunded,9616.55
800954,515277,2024-12-05,Size Issue,Refunded,2697.08
800955,511014,2025-02-20,Quality Issue,Processing,5837.64
800956,517845,2024-09-19,Size Issue,Refunded,2708.2
800957,508760,2024-05-29,Size Issue,Refunded,67819.4
800958,511120,2025-12-18,Quality Issue,Refunded,8505.63
800959,517290,2025-11-18,Damaged,Refunded,12349.29
800960,514972,2025-10-30,Changed Mind,Refunded,34077.16
800961,512261,2025-06-17,Size Issue,Refunded,873.69
800962,509087,2024-03-27,Quality Issue,Refunded,1482.92
800963,517250,2025-01-31,Damaged,Refunded,30012.12
800964,508926,2024-03-21,Quality Issue,Refunded,6728.07
800965,508020,2024-04-08,Quality Issue,Refunded,30400.17
800966,500537,2025-01-15,Wrong Item,Refunded,7196.76
800967,511751,2024-02-27,Size Issue,Refunded,505.21
800968,516238,2024-02-06,Size Issue,Refunded,13600.08
800969,509134,2024-06-09,Size Issue,Refunded,14504.06
800970,507145,2024-07-17,Size Issue,Refunded,1063.77
800971,513905,2025-09-19,Size Issue,Refunded,506.86
800972,500024,2025-07-14,Damaged,Refunded,3122.73
800973,504448,2025-11-20,Size Issue,Refunded,5514.59
800974,513229,2025-02-21,Changed Mind,Refunded,1014.76
800975,501658,2024-03-20,Damaged,Refunded,1323.57
800976,503641,2025-08-13,Quality Issue,Refunded,305.94
800977,500791,2024-09-25,Quality Issue,Refunded,11510.05
800978,515577,2025-06-17,Quality Issue,Refunded,4287.17
800979,516462,2024-12-17,Wrong Item,Refunded,22916.64
800980,501636,2025-07-17,Wrong Item,Refunded,7324.52
800981,502396,2024-07-11,Size Issue,Refunded,7464.94
800982,502792,2025-05-18,Wrong Item,Refunded,6219.4
800983,510592,2025-06-12,Changed Mind,Refunded,4895.43
800984,511606,2024-12-22,Wrong Item,Processing,3500.34
800985,509127,2025-04-20,Damaged,Processing,908.77
800986,506522,2025-12-12,Size Issue,Refunded,4907.01
800987,506515,2025-07-06,Size Issue,Refunded,76326.21
800988,508400,2025-06-16,Size Issue,Refunded,2814.05
800989,503455,2025-08-08,Changed Mind,Refunded,24676.43
800990,504473,2025-04-12,Wrong Item,Refunded,1883.81
800991,510554,2025-10-07,Size Issue,Refunded,86281.31
800992,514430,2024-01-22,Damaged,Refunded,1088.72
800993,505708,2024-05-22,Size Issue,Processing,26007.88
800994,509562,2026-01-04,Size Issue,Processing,31582.88
800995,507861,2024-07-24,Size Issue,Refunded,78885.04
800996,507258,2025-07-15,Changed Mind,Refunded,5217.32
800997,515167,2024-12-06,Changed Mind,Refunded,23271.56
800998,511956,2024-11-21,Wrong Item,Refunded,10651.96
800999,506642,2025-02-22,Quality Issue,Refunded,2787.49
801000,511245,2024-06-26,Changed Mind,Refunded,7187.62
801001,509316,2024-10-23,Wrong Item,Refunded,8672.63
801002,511638,2024-02-02,Changed Mind,Refunded,19570.2
801003,515588,2025-11-11,Size Issue,Processing,2391.61
801004,501234,2024-05-04,Size Issue,Refunded,3723.56
801005,513075,2024-05-28,Size Issue,Refunded,30949.82
801006,515901,2025-02-07,Size Issue,Refunded,39327.31
801007,509913,2024-11-08,Changed Mind,Refunded,8785.52
801008,512605,2024-09-09,Size Issue,Refunded,7683.3
801009,509774,2025-07-03,Wrong Item,Refunded,999.89
801010,511807,2024-09-10,Quality Issue,Refunded,16673.94
801011,515036,2024-09-12,Wrong Item,Refunded,13738.27
801012,514223,2025-05-23,Size Issue,Refunded,8065.82
801013,515799,2025-04-19,Size Issue,Refunded,4544.85
801014,504486,2024-10-16,Quality Issue,Refunded,9139.42
801015,500620,2025-07-16,Damaged,Refunded,21431.95
801016,511861,2025-09-19,Quality Issue,Refunded,5835.61
801017,504454,2025-12-18,Wrong Item,Refunded,11958.05
801018,503968,2025-04-08,Quality Issue,Refunded,942.69
801019,514866,2025-03-27,Size Issue,Refunded,4347.92
801020,502660,2024-08-23,Quality Issue,Refunded,4915.0
801021,517749,2024-12-07,Size Issue,Refunded,2168.5
801022,513095,2024-09-01,Changed Mind,Refunded,32527.67
801023,517182,2024-07-20,Damaged,Refunded,23229.62
801024,516951,2025-04-14,Quality Issue,Refunded,12719.53
801025,501083,2025-03-06,Quality Issue,Refunded,66474.43
801026,515529,2025-05-24,Wrong Item,Refunded,15616.32
801027,511259,2024-06-01,Size Issue,Refunded,8105.99
801028,507318,2025-05-11,Wrong Item,Refunded,125479.5
801029,512361,2025-04-17,Changed Mind,Refunded,4903.28
801030,517058,2024-07-24,Size Issue,Processing,16836.18
801031,506362,2025-07-04,Quality Issue,Refunded,63455.79
801032,516240,2024-05-22,Size Issue,Refunded,29305.27
801033,503904,2024-05-09,Quality Issue,Refunded,27548.59
801034,500413,2025-12-16,Damaged,Processing,1736.97
801035,507443,2024-02-19,Changed Mind,Refunded,2128.62
801036,514631,2024-04-12,Damaged,Refunded,7779.44
801037,517432,2024-11-10,Quality Issue,Refunded,25443.67
801038,501888,2025-09-08,Size Issue,Refunded,19781.24
801039,511895,2024-08-07,Wrong Item,Refunded,998.08
801040,501319,2024-05-25,Quality Issue,Refunded,41646.43
801041,501997,2025-11-05,Changed Mind,Refunded,48561.83
801042,502897,2025-03-04,Quality Issue,Refunded,21001.43
801043,502607,2025-03-11,Size Issue,Refunded,1006.37
801044,505213,2025-08-26,Quality Issue,Refunded,9504.19
801045,500503,2024-05-09,Changed Mind,Refunded,6163.1
801046,514220,2024-03-15,Size Issue,Refunded,2533.11
801047,512853,2025-01-12,Size Issue,Refunded,2296.98
801048,505968,2024-11-03,Quality Issue,Refunded,14448.43
801049,510872,2024-06-17,Damaged,Refunded,844.98
801050,511137,2025-12-06,Size Issue,Refunded,419.53
801051,506964,2025-09-14,Size Issue,Refunded,3631.13
801052,517949,2024-07-05,Changed Mind,Refunded,1438.51
801053,501166,2025-08-26,Damaged,Refunded,10596.61
801054,508160,2025-01-01,Size Issue,Refunded,13858.5
801055,513201,2024-05-31,Damaged,Refunded,9873.45
801056,511358,2025-09-10,Quality Issue,Refunded,4100.83
801057,511875,2025-03-16,Quality Issue,Refunded,3943.51
801058,500587,2025-12-28,Size Issue,Refunded,436.14
801059,511730,2024-03-11,Changed Mind,Refunded,3457.98
801060,512819,2025-12-31,Quality Issue,Refunded,928.12
801061,503562,2024-05-15,Size Issue,Refunded,23919.2
801062,511804,2024-02-13,Changed Mind,Refunded,5107.53
801063,504326,2024-12-08,Quality Issue,Refunded,23518.77
801064,502066,2025-07-17,Quality Issue,Refunded,8225.48
801065,509474,2024-03-12,Quality Issue,Refunded,10373.07
801066,508514,2024-12-29,Wrong Item,Processing,46083.65
801067,514638,2024-08-08,Wrong Item,Refunded,3825.49
801068,508755,2024-05-06,Quality Issue,Refunded,9347.59
801069,509751,2025-02-27,Damaged,Refunded,3937.9
801070,502698,2025-02-22,Size Issue,Refunded,244.75
801071,515069,2024-01-22,Changed Mind,Refunded,35192.83
801072,507808,2025-10-08,Wrong Item,Processing,64413.1
801073,509600,2024-10-03,Size Issue,Refunded,16455.34
801074,506837,2025-06-16,Wrong Item,Refunded,12999.87
801075,517072,2025-05-24,Size Issue,Processing,2008.7
801076,502047,2025-07-23,Wrong Item,Refunded,126760.11
801077,512621,2025-02-11,Size Issue,Refunded,67230.53
801078,504668,2024-04-18,Quality Issue,Refunded,2932.58
801079,507231,2025-11-19,Quality Issue,Refunded,13775.88
801080,509872,2024-08-02,Size Issue,Refunded,5307.01
801081,502268,2025-07-19,Wrong Item,Refunded,19899.14
801082,508221,2025-07-18,Quality Issue,Refunded,8042.63
801083,505336,2024-02-21,Size Issue,Processing,45320.58
801084,511821,2025-10-23,Changed Mind,Refunded,3458.17
801085,513310,2024-04-30,Damaged,Refunded,13746.94
801086,500264,2024-03-07,Quality Issue,Refunded,2053.18
801087,502860,2024-08-06,Size Issue,Refunded,34874.75
801088,511046,2024-09-26,Quality Issue,Refunded,6435.85
801089,517480,2025-02-18,Size Issue,Refunded,5768.56
801090,503747,2024-06-13,Size Issue,Refunded,2012.73
801091,509957,2025-11-09,Damaged,Processing,9708.03
801092,502626,2024-01-21,Damaged,Refunded,26587.13
801093,504990,2024-04-16,Size Issue,Refunded,2529.18
801094,510134,2024-08-22,Changed Mind,Refunded,32685.88
801095,517029,2025-03-25,Size Issue,Refunded,937.26
801096,503590,2024-10-07,Quality Issue,Refunded,6993.14
801097,500818,2024-09-25,Quality Issue,Refunded,9459.7
801098,509369,2025-04-12,Damaged,Refunded,1825.69
801099,509402,2025-09-19,Quality Issue,Refunded,65955.32
801100,508260,2025-04-11,Quality Issue,Refunded,27853.03
801101,502463,2025-11-21,Quality Issue,Refunded,767.73
801102,513994,2025-07-26,Size Issue,Refunded,3549.28
801103,503130,2025-06-11,Changed Mind,Refunded,27504.14
801104,517354,2025-03-13,Quality Issue,Refunded,1323.99
801105,510838,2025-03-25,Size Issue,Refunded,36987.22
801106,514645,2024-06-04,Quality Issue,Refunded,3210.62
801107,507912,2025-08-15,Quality Issue,Refunded,71913.13
801108,511967,2024-09-04,Damaged,Processing,3723.56
801109,500119,2025-08-24,Changed Mind,Refunded,76115.43
801110,511635,2025-08-04,Damaged,Refunded,6243.28
801111,504140,2024-05-13,Quality Issue,Refunded,3824.06
801112,517560,2025-04-16,Wrong Item,Processing,19398.47
801113,504113,2024-03-23,Quality Issue,Refunded,3057.39
801114,502454,2025-06-13,Size Issue,Refunded,6657.52
801115,503732,2024-10-15,Quality Issue,Refunded,5097.57
801116,501827,2025-07-28,Damaged,Refunded,2107.61
801117,508539,2026-01-11,Changed Mind,Refunded,4179.3
801118,516244,2024-01-28,Damaged,Refunded,1795.0
801119,500750,2024-11-09,Quality Issue,Refunded,5861.63
801120,505433,2024-03-01,Changed Mind,Refunded,1714.32
801121,509482,2025-01-29,Quality Issue,Refunded,37185.65
801122,517815,2025-07-28,Damaged,Refunded,7626.44
801123,502569,2024-04-28,Size Issue,Refunded,16223.24
801124,513582,2024-04-14,Changed Mind,Processing,42293.38
801125,504749,2025-05-17,Size Issue,Refunded,3560.09
801126,508551,2025-09-28,Wrong Item,Refunded,635.26
801127,515822,2024-10-30,Quality Issue,Refunded,47963.94
801128,512338,2025-03-21,Changed Mind,Refunded,60119.38
801129,507564,2024-10-06,Quality Issue,Refunded,80416.83
801130,514341,2024-05-09,Size Issue,Refunded,7569.08
801131,515647,2025-09-06,Changed Mind,Refunded,71921.83
801132,503846,2025-05-21,Size Issue,Refunded,7534.43
801133,506185,2025-12-02,Size Issue,Refunded,20349.75
801134,514968,2024-03-09,Size Issue,Refunded,62650.39
801135,502065,2025-12-24,Quality Issue,Refunded,23476.46
801136,517105,2025-10-09,Quality Issue,Refunded,7074.04
801137,506810,2024-05-04,Damaged,Refunded,2415.51
801138,512988,2025-02-11,Wrong Item,Refunded,10716.62
801139,501957,2025-03-17,Changed Mind,Refunded,5187.5
801140,509085,2026-01-05,Size Issue,Refunded,1052.52
801141,515452,2025-03-21,Changed Mind,Refunded,14362.22
801142,507984,2025-04-02,Damaged,Refunded,13972.69
801143,508877,2024-07-13,Wrong Item,Refunded,873.69
801144,504952,2025-05-01,Quality Issue,Refunded,50333.14
801145,515010,2025-06-02,Changed Mind,Refunded,118730.37
801146,506710,2024-12-17,Wrong Item,Refunded,974.12
801147,507928,2025-08-08,Quality Issue,Refunded,39617.08
801148,506650,2025-08-06,Quality Issue,Refunded,16807.57
801149,501840,2025-01-23,Size Issue,Refunded,50509.9
801150,513388,2024-01-21,Quality Issue,Refunded,9955.45
801151,510274,2025-06-01,Damaged,Refunded,7123.14
801152,504914,2025-05-20,Size Issue,Refunded,14455.39
801153,504867,2025-12-09,Wrong Item,Refunded,39104.28
801154,517803,2025-05-18,Size Issue,Refunded,9685.84
801155,511203,2025-09-09,Size Issue,Refunded,9215.78
801156,507030,2025-08-12,Size Issue,Processing,9151.56
801157,507520,2025-10-25,Quality Issue,Refunded,1593.97
801158,500108,2025-01-25,Quality Issue,Refunded,8681.26
801159,514882,2024-12-24,Quality Issue,Refunded,6470.02
801160,512276,2025-05-04,Size Issue,Refunded,14123.44
801161,504826,2024-12-21,Wrong Item,Refunded,1871.2
801162,514449,2024-05-26,Damaged,Refunded,24613.32
801163,513058,2025-04-14,Damaged,Refunded,2252.68
801164,504443,2024-02-07,Size Issue,Refunded,1250.53
801165,506086,2024-01-12,Size Issue,Refunded,661.43
801166,507891,2024-02-25,Changed Mind,Refunded,2340.17
801167,501430,2024-12-28,Wrong Item,Refunded,1299.09
801168,501693,2025-02-10,Quality Issue,Refunded,2277.96
801169,503114,2024-05-01,Quality Issue,Refunded,875.47
801170,506446,2025-11-15,Quality Issue,Refunded,1301.72
801171,509105,2025-09-08,Changed Mind,Refunded,10389.16
801172,507038,2026-01-01,Quality Issue,Refunded,5390.42
801173,509237,2025-05-10,Changed Mind,Refunded,1516.64
801174,502664,2024-11-08,Quality Issue,Refunded,71683.92
801175,507459,2024-09-23,Size Issue,Refunded,64002.05
801176,501054,2024-04-22,Damaged,Refunded,425.2
801177,510752,2025-10-15,Size Issue,Refunded,31597.91
801178,513065,2025-04-23,Quality Issue,Refunded,3274.03
801179,511524,2024-09-11,Quality Issue,Refunded,1846.95
801180,508423,2025-05-23,Size Issue,Refunded,14634.09
801181,505823,2024-08-18,Quality Issue,Refunded,11169.33
801182,508024,2026-01-06,Size Issue,Refunded,37694.26
801183,512650,2024-06-30,Damaged,Processing,8850.32
801184,510542,2025-03-24,Size Issue,Refunded,1404.34
801185,500638,2025-08-29,Quality Issue,Refunded,36116.15
801186,515951,2025-05-09,Quality Issue,Refunded,902.26
801187,514637,2025-10-08,Size Issue,Refunded,2764.88
801188,514762,2024-05-06,Size Issue,Refunded,628.36
801189,516338,2025-06-26,Changed Mind,Refunded,9423.58
801190,510386,2026-01-03,Quality Issue,Refunded,8505.2
801191,505283,2025-02-24,Changed Mind,Refunded,2553.66
801192,507433,2026-01-22,Size Issue,Refunded,1405.6
801193,507924,2025-09-20,Changed Mind,Refunded,104990.49
801194,510859,2024-06-07,Changed Mind,Refunded,54866.8
801195,503476,2025-04-23,Quality Issue,Refunded,2674.77
801196,507632,2024-12-18,Quality Issue,Refunded,9139.42
801197,510886,2025-02-28,Changed Mind,Refunded,1364.98
801198,508075,2025-04-05,Damaged,Refunded,11537.78
801199,512032,2024-10-01,Quality Issue,Refunded,32235.29
801200,516794,2024-05-11,Damaged,Refunded,655.41
801201,511073,2025-02-28,Damaged,Refunded,15191.23
801202,511503,2024-09-02,Damaged,Refunded,2708.48
801203,512570,2025-04-12,Quality Issue,Refunded,1310.55
801204,513561,2025-03-27,Quality Issue,Refunded,19557.69
801205,502383,2025-11-15,Damaged,Refunded,85233.26
801206,511529,2024-07-03,Damaged,Refunded,1467.04
801207,517343,2025-01-28,Wrong Item,Refunded,1656.03
801208,505401,2025-10-15,Size Issue,Refunded,26461.11
801209,517405,2024-04-15,Damaged,Refunded,1403.35
801210,500881,2025-12-26,Quality Issue,Refunded,29268.22
801211,501455,2025-02-15,Size Issue,Refunded,13157.42
801212,501559,2025-03-08,Quality Issue,Refunded,1532.19
801213,515540,2024-06-11,Quality Issue,Refunded,14801.55
801214,516004,2024-05-03,Quality Issue,Refunded,4903.28
801215,504622,2026-01-21,Wrong Item,Refunded,3330.56
801216,510689,2024-08-20,Size Issue,Refunded,6966.76
801217,512565,2024-08-13,Damaged,Refunded,9078.32
801218,501320,2025-02-08,Quality Issue,Refunded,230.32
801219,517844,2024-03-05,Size Issue,Refunded,2384.62
801220,513759,2024-10-01,Size Issue,Processing,1259.45
801221,516135,2024-08-23,Size Issue,Refunded,6233.78
801222,512639,2024-11-02,Damaged,Refunded,5711.45
801223,514768,2025-08-19,Size Issue,Refunded,77874.85
801224,515850,2025-06-05,Quality Issue,Refunded,2810.04
801225,511785,2025-06-01,Size Issue,Refunded,35451.99
801226,504431,2025-06-30,Quality Issue,Refunded,6217.39
801227,510540,2025-04-02,Size Issue,Refunded,88986.12
801228,508082,2024-03-29,Damaged,Refunded,1106.46
801229,517184,2024-11-30,Size Issue,Refunded,7123.14
801230,503512,2024-11-21,Size Issue,Refunded,789.05
801231,506458,2026-01-06,Changed Mind,Refunded,10097.52
801232,509351,2024-07-12,Wrong Item,Refunded,6939.67
801233,517741,2024-08-30,Damaged,Refunded,7186.95
801234,505789,2025-07-30,Size Issue,Processing,16614.42
801235,514077,2024-02-02,Damaged,Refunded,15998.71
801236,502533,2025-10-20,Changed Mind,Refunded,3553.28
801237,501067,2025-06-17,Damaged,Refunded,11755.06
801238,502821,2024-03-31,Wrong Item,Refunded,9275.53
801239,513195,2024-04-29,Quality Issue,Refunded,3807.59
801240,507585,2024-07-24,Size Issue,Refunded,22967.14
801241,514199,2025-06-26,Size Issue,Refunded,11065.86
801242,517415,2024-08-14,Changed Mind,Processing,721.48
801243,500608,2025-05-29,Size Issue,Refunded,5377.04
801244,509937,2024-08-13,Changed Mind,Refunded,803.87
801245,515425,2024-06-24,Quality Issue,Refunded,4933.59
801246,508138,2024-08-28,Changed Mind,Refunded,48993.4
801247,500743,2025-01-22,Wrong Item,Refunded,10554.79
801248,514650,2024-10-10,Size Issue,Refunded,32812.44
801249,505154,2025-08-02,Wrong Item,Refunded,17336.28
801250,500830,2024-10-15,Wrong Item,Refunded,547.39
801251,509183,2025-05-24,Wrong Item,Refunded,1209.94
801252,512093,2024-04-19,Changed Mind,Refunded,3301.65
801253,515255,2025-04-11,Changed Mind,Refunded,8693.68
801254,505179,2025-06-04,Changed Mind,Refunded,7320.01
801255,508028,2025-07-25,Size Issue,Refunded,5936.7
801256,513694,2025-04-16,Quality Issue,Refunded,453.91
801257,501590,2024-08-18,Damaged,Refunded,5633.57
801258,515667,2026-01-08,Size Issue,Refunded,2828.64
801259,504048,2024-06-23,Size Issue,Refunded,10447.7
801260,509883,2025-07-17,Changed Mind,Refunded,15893.26
801261,508195,2024-07-06,Size Issue,Processing,1259.45
801262,514177,2025-04-29,Changed Mind,Refunded,52880.52
801263,501028,2024-09-06,Changed Mind,Processing,3209.78
801264,515903,2024-11-08,Changed Mind,Refunded,955.69
801265,502996,2024-10-05,Changed Mind,Refunded,22827.84
801266,513919,2024-11-06,Quality Issue,Processing,4322.92
801267,504002,2024-12-31,Wrong Item,Refunded,2955.6
801268,500759,2025-02-28,Size Issue,Refunded,6941.91
801269,510744,2024-05-07,Size Issue,Processing,648.46
801270,511256,2025-09-14,Changed Mind,Refunded,3807.5
801271,507622,2024-10-05,Wrong Item,Refunded,62020.44
801272,515664,2025-05-07,Damaged,Processing,512.76
801273,503013,2024-08-04,Size Issue,Refunded,14612.32
801274,508358,2025-03-29,Size Issue,Processing,1404.45
801275,508555,2025-08-09,Quality Issue,Refunded,10270.01
801276,510778,2025-03-10,Damaged,Refunded,24770.36
801277,513120,2024-04-27,Quality Issue,Refunded,54757.34
801278,508490,2026-01-22,Quality Issue,Refunded,6070.42
801279,513507,2024-09-16,Wrong Item,Refunded,4424.19
801280,505083,2024-03-29,Damaged,Refunded,1174.21
801281,514468,2024-02-20,Size Issue,Refunded,39917.15
801282,502018,2025-12-09,Changed Mind,Refunded,2432.34
801283,516643,2024-08-26,Changed Mind,Refunded,4149.61
801284,506214,2025-11-14,Wrong Item,Refunded,10326.04
801285,501769,2025-12-31,Wrong Item,Processing,1104.93
801286,502025,2025-10-07,Size Issue,Refunded,19505.71
801287,510012,2025-06-19,Wrong Item,Refunded,1109.72
801288,507742,2025-03-16,Quality Issue,Refunded,6832.22
801289,509735,2025-08-16,Quality Issue,Refunded,13588.8
801290,516207,2025-05-31,Damaged,Refunded,8891.32
801291,501087,2024-08-07,Size Issue,Refunded,21966.5
801292,505886,2024-08-26,Size Issue,Refunded,4168.79
801293,500564,2025-10-30,Wrong Item,Refunded,1417.22
801294,507773,2025-04-07,Wrong Item,Processing,82948.65
801295,511308,2025-10-21,Size Issue,Refunded,23715.01
801296,513940,2024-05-14,Damaged,Refunded,104389.6
801297,507428,2024-02-12,Wrong Item,Refunded,843.46
801298,516865,2024-02-20,Quality Issue,Refunded,2414.16
801299,516669,2025-08-06,Damaged,Refunded,17089.33
801300,505360,2024-04-08,Size Issue,Processing,1440.81
801301,502757,2024-08-26,Changed Mind,Refunded,2370.13
801302,504566,2024-10-17,Size Issue,Refunded,598.4
801303,511616,2024-02-08,Quality Issue,Refunded,6049.26
801304,514984,2024-03-31,Quality Issue,Processing,43448.02
801305,510035,2024-08-03,Size Issue,Refunded,2302.04
801306,500282,2024-03-16,Size Issue,Refunded,4215.06
801307,513226,2025-09-03,Size Issue,Refunded,21290.17
801308,514682,2025-09-30,Quality Issue,Refunded,13507.72
801309,509685,2025-05-15,Size Issue,Refunded,2256.08
801310,503030,2024-11-12,Wrong Item,Refunded,3807.04
801311,515162,2025-12-29,Wrong Item,Processing,31858.31
801312,506623,2026-01-02,Wrong Item,Processing,135486.5
801313,500662,2024-06-18,Quality Issue,Refunded,23696.5
801314,502790,2024-02-15,Size Issue,Refunded,13137.39
801315,517812,2025-10-25,Damaged,Refunded,55720.68
801316,500306,2024-03-31,Size Issue,Refunded,2351.46
801317,515140,2025-02-16,Wrong Item,Refunded,2328.91
801318,511415,2024-10-17,Changed Mind,Refunded,8658.22
801319,510458,2024-08-13,Size Issue,Refunded,24902.23
801320,507831,2024-06-04,Wrong Item,Refunded,7241.26
801321,513214,2025-07-09,Damaged,Processing,114255.63
801322,509450,2025-11-10,Quality Issue,Refunded,20307.37
801323,503215,2025-06-19,Quality Issue,Refunded,29228.16
801324,501275,2025-04-06,Wrong Item,Refunded,13023.11
801325,515919,2025-05-28,Changed Mind,Refunded,12002.92
801326,502605,2024-06-26,Size Issue,Refunded,6844.91
801327,503558,2025-06-11,Size Issue,Refunded,45852.22
801328,513951,2024-07-26,Quality Issue,Refunded,749.6
801329,507384,2025-02-20,Size Issue,Refunded,1385.46
801330,507253,2025-05-31,Quality Issue,Refunded,406.71
801331,510119,2024-05-15,Quality Issue,Refunded,13339.0
801332,510459,2024-07-10,Damaged,Refunded,38837.67
801333,515992,2024-09-03,Damaged,Refunded,27365.27
801334,514435,2025-12-16,Size Issue,Refunded,14112.01
801335,505977,2025-03-04,Quality Issue,Processing,519.02
801336,505881,2025-01-15,Quality Issue,Refunded,7856.12
801337,511708,2024-11-20,Size Issue,Refunded,34379.4
801338,500632,2025-04-07,Damaged,Refunded,1533.84
801339,508471,2025-08-12,Damaged,Refunded,894.94
801340,501554,2024-03-22,Changed Mind,Refunded,797.87
801341,511362,2025-09-09,Wrong Item,Refunded,246796.74
801342,506047,2024-10-05,Size Issue,Refunded,7561.58
801343,505750,2025-11-23,Size Issue,Refunded,29075.35
801344,508669,2025-07-22,Size Issue,Refunded,4676.19
801345,501687,2025-01-20,Wrong Item,Refunded,4095.54
801346,508174,2024-09-29,Quality Issue,Refunded,8085.98
801347,513902,2024-04-05,Size Issue,Processing,9704.42
801348,516311,2024-04-05,Changed Mind,Refunded,10391.22
801349,515181,2025-06-20,Size Issue,Refunded,87788.42
801350,505482,2024-06-20,Changed Mind,Refunded,6999.44
801351,515994,2024-09-04,Changed Mind,Refunded,3669.07
801352,505734,2024-12-28,Size Issue,Refunded,51823.07
801353,511825,2025-07-12,Wrong Item,Refunded,67934.18
801354,514989,2025-04-08,Size Issue,Refunded,26648.39
801355,515041,2025-11-10,Quality Issue,Refunded,13600.08
801356,503026,2025-03-13,Size Issue,Refunded,63927.2
801357,513873,2024-06-26,Size Issue,Refunded,1533.84
801358,510990,2025-02-05,Size Issue,Refunded,9745.32
801359,506834,2025-03-19,Quality Issue,Refunded,2794.09
801360,517267,2025-06-11,Quality Issue,Refunded,2252.68
801361,516749,2024-03-13,Changed Mind,Refunded,3110.39
801362,500804,2025-08-01,Size Issue,Refunded,1284.49
801363,511342,2024-03-26,Wrong Item,Refunded,2538.42
801364,509448,2024-04-05,Wrong Item,Refunded,5632.32
801365,509192,2025-05-30,Changed Mind,Refunded,3362.3
801366,503143,2025-01-31,Wrong Item,Refunded,43419.28
801367,515774,2024-09-02,Damaged,Refunded,1115.5
801368,503795,2025-08-24,Damaged,Refunded,7556.99
801369,509691,2025-11-12,Size Issue,Refunded,31802.99
801370,503029,2025-08-10,Wrong Item,Refunded,48023.93
801371,506342,2025-12-28,Damaged,Processing,4774.77
801372,514633,2024-04-04,Quality Issue,Refunded,7306.8
801373,512028,2024-12-12,Changed Mind,Refunded,4215.18
801374,507645,2025-08-30,Changed Mind,Refunded,2011.16
801375,501004,2025-09-27,Size Issue,Refunded,851.65
801376,507360,2025-05-21,Size Issue,Refunded,8325.53
801377,515294,2024-09-07,Wrong Item,Refunded,2134.81
801378,517454,2025-09-23,Size Issue,Refunded,1581.78
801379,500028,2024-12-19,Wrong Item,Refunded,67216.58
801380,501223,2024-07-26,Wrong Item,Refunded,12771.8
801381,500801,2024-02-06,Changed Mind,Refunded,6575.58
801382,502910,2024-10-21,Quality Issue,Refunded,583.61
801383,504026,2024-07-20,Damaged,Refunded,944.81
801384,505623,2025-11-28,Wrong Item,Processing,58768.77
801385,508870,2025-01-22,Quality Issue,Refunded,6137.2
801386,507963,2024-07-25,Wrong Item,Refunded,13633.91
801387,517365,2024-07-14,Damaged,Refunded,3560.48
801388,516205,2025-12-17,Size Issue,Refunded,7110.89
801389,503218,2025-11-09,Quality Issue,Refunded,30853.85
801390,510682,2025-04-05,Size Issue,Refunded,17086.7
801391,507685,2025-06-20,Size Issue,Processing,3041.68
801392,507438,2024-11-11,Wrong Item,Refunded,4909.76
801393,516767,2025-10-28,Damaged,Refunded,123343.66
801394,506115,2024-06-01,Quality Issue,Refunded,12080.89
801395,504001,2025-09-11,Size Issue,Refunded,2353.17
801396,510212,2024-02-05,Wrong Item,Refunded,5022.54
801397,514559,2025-07-28,Size Issue,Refunded,1848.12
801398,513982,2025-10-19,Size Issue,Refunded,17194.28
801399,504548,2024-06-01,Size Issue,Refunded,34970.87
801400,507894,2025-04-19,Size Issue,Refunded,10930.22
801401,515343,2025-12-10,Wrong Item,Refunded,102313.5
801402,501384,2024-04-08,Size Issue,Refunded,1977.23
801403,503675,2026-01-26,Wrong Item,Refunded,3793.99
801404,515315,2025-10-05,Quality Issue,Refunded,1750.18
801405,509863,2024-04-26,Quality Issue,Processing,9337.28
801406,503086,2025-11-26,Changed Mind,Refunded,7320.04
801407,514217,2025-10-18,Damaged,Refunded,59543.24
801408,509410,2025-03-06,Quality Issue,Refunded,226724.02
801409,505729,2025-04-21,Quality Issue,Refunded,8820.49
801410,515595,2025-09-21,Quality Issue,Processing,1792.28
801411,510440,2025-03-10,Damaged,Refunded,529.34
801412,504449,2025-09-30,Size Issue,Refunded,1056.14
801413,513055,2024-06-04,Quality Issue,Refunded,42832.99
801414,502311,2024-07-05,Wrong Item,Refunded,28504.26
801415,500549,2024-06-22,Quality Issue,Refunded,1136.83
801416,507803,2025-08-02,Size Issue,Refunded,3260.68
801417,504907,2025-12-15,Damaged,Refunded,949.05
801418,503200,2025-06-20,Damaged,Refunded,7383.15
801419,507044,2024-09-16,Damaged,Refunded,16805.21
801420,511979,2024-02-03,Quality Issue,Refunded,3701.77
801421,502119,2024-09-03,Damaged,Refunded,5457.81
801422,507500,2024-11-25,Size Issue,Refunded,12350.75
801423,510701,2024-03-19,Wrong Item,Refunded,11612.58
801424,502971,2024-05-29,Size Issue,Refunded,39410.72
801425,517046,2024-07-17,Size Issue,Refunded,9519.31
801426,504330,2024-07-18,Quality Issue,Processing,27812.19
801427,507112,2025-07-11,Size Issue,Refunded,12616.87
801428,514869,2024-10-12,Quality Issue,Refunded,13715.58
801429,501265,2024-06-27,Quality Issue,Refunded,508.43
801430,508448,2024-05-11,Size Issue,Refunded,43420.43
801431,504959,2024-04-13,Size Issue,Processing,35727.41
801432,500186,2024-06-02,Damaged,Refunded,8569.59
801433,500974,2024-06-15,Size Issue,Refunded,209820.13
801434,505183,2025-06-01,Size Issue,Refunded,729.92
801435,506742,2025-08-09,Changed Mind,Refunded,1146.02
801436,502221,2025-06-05,Size Issue,Refunded,1461.44
801437,516960,2024-08-06,Damaged,Refunded,212.01
801438,509790,2025-09-10,Quality Issue,Refunded,30584.89
801439,511567,2024-07-19,Quality Issue,Refunded,91906.99
801440,509480,2024-09-21,Wrong Item,Refunded,30717.05
801441,513688,2024-06-02,Wrong Item,Refunded,3384.61
801442,503387,2025-01-13,Changed Mind,Refunded,5806.29
801443,516502,2025-09-10,Quality Issue,Refunded,67917.96
801444,517223,2025-10-31,Quality Issue,Refunded,1520.84
801445,501068,2024-03-08,Size Issue,Refunded,1725.09
801446,515325,2024-11-24,Size Issue,Refunded,957.83
801447,501748,2024-02-01,Damaged,Refunded,39768.91
801448,513045,2024-05-08,Changed Mind,Refunded,1869.57
801449,514874,2025-12-14,Quality Issue,Refunded,4336.01
801450,514834,2025-06-08,Quality Issue,Refunded,8454.68
801451,503647,2025-01-11,Wrong Item,Refunded,429.3
801452,510019,2025-06-12,Quality Issue,Refunded,472.42
801453,515550,2024-02-28,Wrong Item,Refunded,10815.9
801454,500493,2024-02-20,Damaged,Refunded,2173.96
801455,512946,2024-07-21,Size Issue,Processing,9269.29
801456,516578,2025-03-17,Damaged,Refunded,3838.74
801457,504175,2025-11-21,Quality Issue,Refunded,11981.03
801458,508523,2024-06-14,Size Issue,Refunded,12663.02
801459,514363,2024-09-17,Wrong Item,Refunded,11354.72
801460,500872,2024-06-29,Quality Issue,Refunded,7978.16
801461,507390,2024-06-14,Changed Mind,Refunded,12749.29
801462,511471,2025-12-30,Changed Mind,Refunded,34420.8
801463,500312,2025-06-23,Quality Issue,Refunded,16394.87
801464,512646,2025-12-08,Changed Mind,Refunded,16831.72
801465,507381,2025-11-03,Size Issue,Refunded,1139.67
801466,514034,2025-12-22,Damaged,Refunded,10993.43
801467,516198,2024-06-05,Size Issue,Refunded,1251.2
801468,506704,2024-10-29,Wrong Item,Processing,1065.56
801469,509761,2025-01-13,Damaged,Refunded,3107.58
801470,508994,2024-12-22,Size Issue,Refunded,102799.17
801471,506645,2024-04-05,Damaged,Refunded,134201.6
801472,516720,2024-09-05,Quality Issue,Refunded,4693.88
801473,501727,2025-02-13,Quality Issue,Refunded,3591.14
801474,507951,2024-10-03,Wrong Item,Refunded,5046.76
801475,504157,2025-03-19,Damaged,Refunded,2679.24
801476,501346,2025-11-06,Size Issue,Refunded,43253.73
801477,505535,2024-07-25,Changed Mind,Refunded,257.82
801478,506941,2024-12-07,Wrong Item,Refunded,58457.76
801479,513621,2025-04-30,Size Issue,Refunded,10537.01
801480,505957,2025-07-02,Size Issue,Refunded,11197.41
801481,501631,2025-03-13,Size Issue,Refunded,22640.83
801482,508698,2025-03-07,Wrong Item,Refunded,1366.26
801483,517611,2024-02-12,Size Issue,Refunded,22208.64
801484,514213,2025-08-21,Size Issue,Processing,5259.84
801485,514231,2025-03-02,Size Issue,Refunded,22190.29
801486,516279,2024-10-01,Changed Mind,Refunded,4322.92
801487,509176,2024-04-29,Changed Mind,Refunded,11826.3
801488,509776,2024-04-06,Changed Mind,Processing,36483.54
801489,515865,2024-06-19,Changed Mind,Refunded,8375.03
801490,509492,2024-10-27,Size Issue,Refunded,4215.96
801491,510640,2024-05-29,Quality Issue,Refunded,12410.96
801492,500384,2024-06-21,Wrong Item,Refunded,717.14
801493,517053,2025-08-01,Size Issue,Refunded,34905.71
801494,516832,2024-12-09,Quality Issue,Refunded,7395.46
801495,514541,2024-12-21,Size Issue,Refunded,3387.67
801496,504182,2024-10-30,Quality Issue,Refunded,4712.75
801497,507254,2025-05-30,Wrong Item,Refunded,21024.41
801498,517582,2025-12-11,Damaged,Refunded,12443.24
801499,508319,2024-09-04,Quality Issue,Refunded,4631.95
801500,501917,2025-07-16,Changed Mind,Refunded,11268.94
801501,513575,2025-05-15,Size Issue,Refunded,32157.3
801502,504644,2024-03-24,Size Issue,Refunded,15734.57
801503,513819,2025-05-07,Quality Issue,Refunded,4304.28
801504,513702,2025-01-17,Damaged,Refunded,248604.05
801505,514127,2025-10-12,Size Issue,Refunded,4291.41
801506,513424,2024-11-02,Damaged,Refunded,7515.74
801507,506922,2025-08-16,Quality Issue,Refunded,53642.62
801508,504442,2025-07-11,Changed Mind,Refunded,2053.9
801509,512786,2024-07-12,Quality Issue,Refunded,5104.14
801510,514747,2024-11-03,Damaged,Processing,1705.19
801511,510191,2025-05-14,Quality Issue,Refunded,31663.44
801512,517285,2025-05-27,Size Issue,Refunded,619.87
801513,511310,2025-11-25,Changed Mind,Refunded,570.9
801514,517470,2025-10-17,Size Issue,Refunded,7931.3
801515,507102,2025-02-15,Wrong Item,Refunded,70665.94
801516,515892,2024-09-24,Changed Mind,Refunded,577.8
801517,509117,2024-05-10,Size Issue,Refunded,275.35
801518,513683,2024-12-01,Damaged,Refunded,11697.39
801519,502896,2024-01-25,Quality Issue,Refunded,1486.48
801520,506920,2025-09-05,Size Issue,Refunded,2866.84
801521,508896,2024-02-24,Damaged,Processing,12075.6
801522,506728,2024-06-10,Size Issue,Refunded,4930.45
801523,510855,2025-06-09,Quality Issue,Refunded,24039.44
801524,505132,2026-01-28,Wrong Item,Refunded,11212.68
801525,514714,2025-07-28,Size Issue,Refunded,11034.66
801526,510506,2024-01-20,Quality Issue,Refunded,10569.45
801527,512273,2025-03-06,Size Issue,Processing,21311.14
801528,503745,2024-12-14,Size Issue,Refunded,64598.57
801529,516074,2024-12-03,Quality Issue,Refunded,36909.19
801530,509160,2024-02-19,Size Issue,Processing,12795.85
801531,501937,2025-06-17,Size Issue,Processing,2255.03
801532,508214,2025-05-18,Changed Mind,Refunded,3724.22
801533,500861,2026-01-19,Changed Mind,Refunded,2431.05
801534,500882,2024-08-22,Quality Issue,Refunded,4412.65
801535,513318,2024-07-15,Size Issue,Refunded,931.94
801536,512048,2024-11-09,Size Issue,Refunded,5515.98
801537,514443,2025-03-17,Size Issue,Refunded,8657.5
801538,514550,2024-02-06,Changed Mind,Refunded,674.97
801539,502857,2024-06-20,Quality Issue,Refunded,7620.33
801540,505486,2024-04-29,Size Issue,Refunded,124375.37
801541,505849,2025-02-19,Quality Issue,Refunded,1281.11
801542,504134,2025-11-05,Quality Issue,Refunded,9975.97
801543,513287,2024-03-18,Wrong Item,Refunded,1507.49
801544,509815,2025-03-18,Changed Mind,Refunded,2367.15
801545,502850,2025-06-20,Damaged,Processing,7450.64
801546,501183,2025-11-27,Quality Issue,Refunded,3418.55
801547,515982,2025-01-04,Quality Issue,Refunded,4157.29
801548,502442,2024-10-27,Damaged,Refunded,2146.49
801549,515864,2024-05-09,Changed Mind,Processing,8567.24
801550,508459,2025-04-28,Damaged,Refunded,513.44
801551,517092,2025-12-11,Wrong Item,Refunded,13489.5
801552,508676,2025-02-25,Size Issue,Refunded,3525.11
801553,505002,2025-01-28,Size Issue,Refunded,7074.04
801554,505460,2025-08-27,Damaged,Refunded,15394.95
801555,503049,2024-05-10,Changed Mind,Refunded,13362.07
801556,500764,2025-06-25,Damaged,Refunded,6465.79
801557,502128,2025-04-11,Size Issue,Refunded,3499.13
801558,512360,2025-08-27,Size Issue,Refunded,8428.0
801559,515402,2024-12-08,Changed Mind,Refunded,76208.03
801560,516875,2025-05-16,Changed Mind,Refunded,10587.49
801561,507794,2025-09-10,Changed Mind,Processing,5926.84
801562,511624,2025-06-24,Wrong Item,Refunded,589.87
801563,517605,2024-08-18,Size Issue,Refunded,1007.42
801564,510525,2025-06-29,Size Issue,Refunded,1700.66
801565,503326,2024-07-15,Quality Issue,Processing,14368.56
801566,512699,2024-06-25,Size Issue,Refunded,11910.32
801567,501161,2025-09-10,Size Issue,Processing,616.51
801568,508351,2025-12-12,Quality Issue,Refunded,8891.46
801569,514150,2025-09-25,Quality Issue,Refunded,60558.77
